onset	duration	trial_type	value	sample
866.008	n/a	NonTarget	1	216502
866.224	n/a	NonTarget	1	216556
866.44	n/a	NonTarget	1	216610
866.656	n/a	NonTarget	1	216664
866.872	n/a	NonTarget	1	216718
867.104	n/a	Target	2	216776
867.32	n/a	NonTarget	1	216830
867.536	n/a	NonTarget	1	216884
867.756	n/a	NonTarget	1	216939
867.972	n/a	Target	2	216993
868.204	n/a	NonTarget	1	217051
868.42	n/a	NonTarget	1	217105
868.636	n/a	NonTarget	1	217159
868.856	n/a	Target	2	217214
869.072	n/a	NonTarget	1	217268
869.288	n/a	NonTarget	1	217322
869.504	n/a	NonTarget	1	217376
869.72	n/a	NonTarget	1	217430
869.936	n/a	NonTarget	1	217484
870.152	n/a	NonTarget	1	217538
870.372	n/a	NonTarget	1	217593
870.588	n/a	NonTarget	1	217647
870.804	n/a	NonTarget	1	217701
871.02	n/a	Target	2	217755
871.252	n/a	NonTarget	1	217813
871.468	n/a	NonTarget	1	217867
871.688	n/a	NonTarget	1	217922
871.904	n/a	NonTarget	1	217976
872.12	n/a	NonTarget	1	218030
872.336	n/a	Target	2	218084
872.552	n/a	NonTarget	1	218138
872.768	n/a	NonTarget	1	218192
872.988	n/a	NonTarget	1	218247
873.204	n/a	NonTarget	1	218301
873.42	n/a	Target	2	218355
873.636	n/a	NonTarget	1	218409
873.852	n/a	NonTarget	1	218463
874.068	n/a	NonTarget	1	218517
874.284	n/a	Target	2	218571
874.504	n/a	NonTarget	1	218626
874.72	n/a	NonTarget	1	218680
874.936	n/a	NonTarget	1	218734
875.152	n/a	NonTarget	1	218788
875.368	n/a	Target	2	218842
875.584	n/a	NonTarget	1	218896
875.8	n/a	NonTarget	1	218950
876.02	n/a	NonTarget	1	219005
876.236	n/a	NonTarget	1	219059
876.452	n/a	NonTarget	1	219113
876.668	n/a	NonTarget	1	219167
876.884	n/a	NonTarget	1	219221
877.1	n/a	Target	2	219275
877.316	n/a	NonTarget	1	219329
877.536	n/a	NonTarget	1	219384
877.752	n/a	Target	2	219438
877.968	n/a	NonTarget	1	219492
878.184	n/a	NonTarget	1	219546
878.4	n/a	NonTarget	1	219600
878.616	n/a	NonTarget	1	219654
878.832	n/a	NonTarget	1	219708
884.052	n/a	NonTarget	1	221013
884.264	n/a	NonTarget	1	221066
884.48	n/a	Target	2	221120
884.7	n/a	NonTarget	1	221175
884.916	n/a	NonTarget	1	221229
885.132	n/a	NonTarget	1	221283
885.348	n/a	NonTarget	1	221337
885.564	n/a	Target	2	221391
885.78	n/a	NonTarget	1	221445
885.996	n/a	NonTarget	1	221499
886.216	n/a	NonTarget	1	221554
886.432	n/a	NonTarget	1	221608
886.648	n/a	NonTarget	1	221662
886.864	n/a	NonTarget	1	221716
887.08	n/a	NonTarget	1	221770
887.296	n/a	Target	2	221824
887.512	n/a	NonTarget	1	221878
887.732	n/a	NonTarget	1	221933
887.948	n/a	NonTarget	1	221987
888.164	n/a	NonTarget	1	222041
888.38	n/a	NonTarget	1	222095
888.596	n/a	Target	2	222149
888.812	n/a	NonTarget	1	222203
889.032	n/a	NonTarget	1	222258
889.248	n/a	NonTarget	1	222312
889.464	n/a	Target	2	222366
889.68	n/a	NonTarget	1	222420
889.896	n/a	NonTarget	1	222474
890.112	n/a	NonTarget	1	222528
890.328	n/a	NonTarget	1	222582
890.548	n/a	NonTarget	1	222637
890.764	n/a	NonTarget	1	222691
890.98	n/a	Target	2	222745
891.196	n/a	NonTarget	1	222799
891.412	n/a	NonTarget	1	222853
891.628	n/a	NonTarget	1	222907
891.844	n/a	Target	2	222961
892.064	n/a	NonTarget	1	223016
892.28	n/a	NonTarget	1	223070
892.496	n/a	NonTarget	1	223124
892.712	n/a	NonTarget	1	223178
892.928	n/a	NonTarget	1	223232
893.144	n/a	Target	2	223286
893.36	n/a	NonTarget	1	223340
893.58	n/a	NonTarget	1	223395
893.796	n/a	NonTarget	1	223449
894.012	n/a	NonTarget	1	223503
894.228	n/a	NonTarget	1	223557
894.444	n/a	Target	2	223611
894.66	n/a	NonTarget	1	223665
894.876	n/a	NonTarget	1	223719
895.096	n/a	NonTarget	1	223774
895.312	n/a	NonTarget	1	223828
895.528	n/a	NonTarget	1	223882
895.744	n/a	NonTarget	1	223936
895.96	n/a	NonTarget	1	223990
896.176	n/a	NonTarget	1	224044
896.392	n/a	Target	2	224098
896.612	n/a	NonTarget	1	224153
896.828	n/a	NonTarget	1	224207
910.324	n/a	Target	2	227581
910.54	n/a	NonTarget	1	227635
910.756	n/a	NonTarget	1	227689
910.972	n/a	NonTarget	1	227743
911.188	n/a	NonTarget	1	227797
911.404	n/a	NonTarget	1	227851
911.62	n/a	Target	2	227905
911.836	n/a	NonTarget	1	227959
912.056	n/a	NonTarget	1	228014
912.272	n/a	NonTarget	1	228068
912.488	n/a	NonTarget	1	228122
912.704	n/a	NonTarget	1	228176
912.92	n/a	NonTarget	1	228230
913.136	n/a	NonTarget	1	228284
913.352	n/a	NonTarget	1	228338
913.572	n/a	NonTarget	1	228393
913.788	n/a	Target	2	228447
914.004	n/a	NonTarget	1	228501
914.22	n/a	NonTarget	1	228555
914.436	n/a	NonTarget	1	228609
914.652	n/a	NonTarget	1	228663
914.872	n/a	NonTarget	1	228718
915.088	n/a	Target	2	228772
915.304	n/a	NonTarget	1	228826
915.52	n/a	NonTarget	1	228880
915.736	n/a	NonTarget	1	228934
915.952	n/a	Target	2	228988
916.168	n/a	NonTarget	1	229042
916.388	n/a	NonTarget	1	229097
916.604	n/a	NonTarget	1	229151
916.82	n/a	NonTarget	1	229205
917.036	n/a	NonTarget	1	229259
917.252	n/a	NonTarget	1	229313
917.468	n/a	Target	2	229367
917.684	n/a	NonTarget	1	229421
917.904	n/a	NonTarget	1	229476
918.12	n/a	NonTarget	1	229530
918.336	n/a	NonTarget	1	229584
918.552	n/a	NonTarget	1	229638
918.768	n/a	NonTarget	1	229692
918.984	n/a	NonTarget	1	229746
919.2	n/a	Target	2	229800
919.42	n/a	NonTarget	1	229855
919.636	n/a	NonTarget	1	229909
919.852	n/a	Target	2	229963
920.084	n/a	NonTarget	1	230021
920.3	n/a	NonTarget	1	230075
920.536	n/a	NonTarget	1	230134
920.752	n/a	NonTarget	1	230188
920.968	n/a	NonTarget	1	230242
921.184	n/a	Target	2	230296
921.4	n/a	NonTarget	1	230350
921.616	n/a	NonTarget	1	230404
921.832	n/a	NonTarget	1	230458
922.052	n/a	NonTarget	1	230513
922.268	n/a	Target	2	230567
922.484	n/a	NonTarget	1	230621
922.7	n/a	NonTarget	1	230675
922.916	n/a	NonTarget	1	230729
923.132	n/a	NonTarget	1	230783
928.352	n/a	NonTarget	1	232088
928.564	n/a	Target	2	232141
928.78	n/a	NonTarget	1	232195
929.0	n/a	NonTarget	1	232250
929.216	n/a	NonTarget	1	232304
929.432	n/a	NonTarget	1	232358
929.648	n/a	NonTarget	1	232412
929.864	n/a	NonTarget	1	232466
930.08	n/a	NonTarget	1	232520
930.296	n/a	NonTarget	1	232574
930.512	n/a	Target	2	232628
930.732	n/a	NonTarget	1	232683
930.948	n/a	NonTarget	1	232737
931.164	n/a	NonTarget	1	232791
931.38	n/a	Target	2	232845
931.596	n/a	NonTarget	1	232899
931.812	n/a	NonTarget	1	232953
932.028	n/a	NonTarget	1	233007
932.248	n/a	Target	2	233062
932.464	n/a	NonTarget	1	233116
932.68	n/a	NonTarget	1	233170
932.896	n/a	NonTarget	1	233224
933.112	n/a	NonTarget	1	233278
933.328	n/a	NonTarget	1	233332
933.548	n/a	NonTarget	1	233387
933.764	n/a	NonTarget	1	233441
933.98	n/a	NonTarget	1	233495
934.196	n/a	Target	2	233549
934.412	n/a	NonTarget	1	233603
934.628	n/a	NonTarget	1	233657
934.844	n/a	Target	2	233711
935.064	n/a	NonTarget	1	233766
935.28	n/a	NonTarget	1	233820
935.496	n/a	NonTarget	1	233874
935.712	n/a	NonTarget	1	233928
935.928	n/a	NonTarget	1	233982
936.144	n/a	NonTarget	1	234036
936.364	n/a	Target	2	234091
936.58	n/a	NonTarget	1	234145
936.796	n/a	NonTarget	1	234199
937.012	n/a	NonTarget	1	234253
937.228	n/a	NonTarget	1	234307
937.444	n/a	NonTarget	1	234361
937.66	n/a	NonTarget	1	234415
937.88	n/a	NonTarget	1	234470
938.096	n/a	NonTarget	1	234524
938.312	n/a	NonTarget	1	234578
938.528	n/a	Target	2	234632
938.744	n/a	NonTarget	1	234686
938.96	n/a	NonTarget	1	234740
939.176	n/a	NonTarget	1	234794
939.392	n/a	NonTarget	1	234848
939.612	n/a	NonTarget	1	234903
939.828	n/a	Target	2	234957
940.044	n/a	NonTarget	1	235011
940.26	n/a	NonTarget	1	235065
940.476	n/a	NonTarget	1	235119
940.696	n/a	NonTarget	1	235174
940.908	n/a	Target	2	235227
941.128	n/a	NonTarget	1	235282
954.624	n/a	NonTarget	1	238656
954.84	n/a	NonTarget	1	238710
955.056	n/a	NonTarget	1	238764
955.272	n/a	NonTarget	1	238818
955.488	n/a	Target	2	238872
955.704	n/a	NonTarget	1	238926
955.94	n/a	NonTarget	1	238985
956.156	n/a	NonTarget	1	239039
956.372	n/a	Target	2	239093
956.588	n/a	NonTarget	1	239147
956.804	n/a	NonTarget	1	239201
957.02	n/a	NonTarget	1	239255
957.236	n/a	Target	2	239309
957.452	n/a	NonTarget	1	239363
957.672	n/a	NonTarget	1	239418
957.888	n/a	NonTarget	1	239472
958.104	n/a	NonTarget	1	239526
958.32	n/a	NonTarget	1	239580
958.536	n/a	NonTarget	1	239634
958.752	n/a	Target	2	239688
958.972	n/a	NonTarget	1	239743
959.188	n/a	NonTarget	1	239797
959.404	n/a	NonTarget	1	239851
959.62	n/a	NonTarget	1	239905
959.836	n/a	Target	2	239959
960.052	n/a	NonTarget	1	240013
960.268	n/a	NonTarget	1	240067
960.488	n/a	NonTarget	1	240122
960.704	n/a	NonTarget	1	240176
960.92	n/a	NonTarget	1	240230
961.136	n/a	NonTarget	1	240284
961.352	n/a	NonTarget	1	240338
961.568	n/a	NonTarget	1	240392
961.784	n/a	NonTarget	1	240446
962.004	n/a	NonTarget	1	240501
962.22	n/a	Target	2	240555
962.436	n/a	NonTarget	1	240609
962.652	n/a	NonTarget	1	240663
962.868	n/a	NonTarget	1	240717
963.084	n/a	Target	2	240771
963.304	n/a	NonTarget	1	240826
963.536	n/a	NonTarget	1	240884
963.752	n/a	NonTarget	1	240938
963.968	n/a	NonTarget	1	240992
964.184	n/a	NonTarget	1	241046
964.4	n/a	Target	2	241100
964.616	n/a	NonTarget	1	241154
964.836	n/a	NonTarget	1	241209
965.052	n/a	NonTarget	1	241263
965.268	n/a	Target	2	241317
965.484	n/a	NonTarget	1	241371
965.7	n/a	NonTarget	1	241425
965.916	n/a	NonTarget	1	241479
966.132	n/a	NonTarget	1	241533
966.352	n/a	NonTarget	1	241588
966.568	n/a	NonTarget	1	241642
966.784	n/a	NonTarget	1	241696
967.0	n/a	NonTarget	1	241750
967.216	n/a	NonTarget	1	241804
967.432	n/a	Target	2	241858
972.652	n/a	NonTarget	1	243163
972.864	n/a	Target	2	243216
973.08	n/a	NonTarget	1	243270
973.3	n/a	NonTarget	1	243325
973.516	n/a	NonTarget	1	243379
973.732	n/a	NonTarget	1	243433
973.948	n/a	NonTarget	1	243487
974.164	n/a	NonTarget	1	243541
974.38	n/a	NonTarget	1	243595
974.596	n/a	NonTarget	1	243649
974.812	n/a	Target	2	243703
975.032	n/a	NonTarget	1	243758
975.248	n/a	NonTarget	1	243812
975.464	n/a	NonTarget	1	243866
975.68	n/a	Target	2	243920
975.896	n/a	NonTarget	1	243974
976.112	n/a	NonTarget	1	244028
976.332	n/a	NonTarget	1	244083
976.548	n/a	Target	2	244137
976.764	n/a	NonTarget	1	244191
976.98	n/a	NonTarget	1	244245
977.196	n/a	NonTarget	1	244299
977.412	n/a	NonTarget	1	244353
977.628	n/a	NonTarget	1	244407
977.848	n/a	NonTarget	1	244462
978.064	n/a	NonTarget	1	244516
978.28	n/a	NonTarget	1	244570
978.496	n/a	Target	2	244624
978.712	n/a	NonTarget	1	244678
978.928	n/a	NonTarget	1	244732
979.144	n/a	Target	2	244786
979.364	n/a	NonTarget	1	244841
979.58	n/a	NonTarget	1	244895
979.796	n/a	NonTarget	1	244949
980.012	n/a	NonTarget	1	245003
980.228	n/a	NonTarget	1	245057
980.444	n/a	NonTarget	1	245111
980.66	n/a	Target	2	245165
980.88	n/a	NonTarget	1	245220
981.096	n/a	NonTarget	1	245274
981.312	n/a	NonTarget	1	245328
981.528	n/a	NonTarget	1	245382
981.744	n/a	NonTarget	1	245436
981.96	n/a	NonTarget	1	245490
982.176	n/a	NonTarget	1	245544
982.396	n/a	NonTarget	1	245599
982.612	n/a	NonTarget	1	245653
982.828	n/a	Target	2	245707
983.044	n/a	NonTarget	1	245761
983.26	n/a	NonTarget	1	245815
983.476	n/a	NonTarget	1	245869
983.696	n/a	NonTarget	1	245924
983.912	n/a	NonTarget	1	245978
984.128	n/a	Target	2	246032
984.344	n/a	NonTarget	1	246086
984.56	n/a	NonTarget	1	246140
984.776	n/a	NonTarget	1	246194
984.992	n/a	NonTarget	1	246248
985.212	n/a	Target	2	246303
985.428	n/a	NonTarget	1	246357
998.924	n/a	NonTarget	1	249731
999.14	n/a	NonTarget	1	249785
999.356	n/a	NonTarget	1	249839
999.572	n/a	Target	2	249893
999.788	n/a	NonTarget	1	249947
1000.004	n/a	NonTarget	1	250001
1000.22	n/a	NonTarget	1	250055
1000.436	n/a	NonTarget	1	250109
1000.656	n/a	NonTarget	1	250164
1000.872	n/a	NonTarget	1	250218
1001.088	n/a	NonTarget	1	250272
1001.304	n/a	Target	2	250326
1001.52	n/a	NonTarget	1	250380
1001.736	n/a	NonTarget	1	250434
1001.952	n/a	NonTarget	1	250488
1002.172	n/a	NonTarget	1	250543
1002.388	n/a	NonTarget	1	250597
1002.604	n/a	Target	2	250651
1002.82	n/a	NonTarget	1	250705
1003.036	n/a	NonTarget	1	250759
1003.252	n/a	Target	2	250813
1003.472	n/a	NonTarget	1	250868
1003.688	n/a	NonTarget	1	250922
1003.904	n/a	NonTarget	1	250976
1004.136	n/a	NonTarget	1	251034
1004.352	n/a	NonTarget	1	251088
1004.572	n/a	NonTarget	1	251143
1004.784	n/a	NonTarget	1	251196
1005.004	n/a	Target	2	251251
1005.22	n/a	NonTarget	1	251305
1005.436	n/a	NonTarget	1	251359
1005.652	n/a	Target	2	251413
1005.868	n/a	NonTarget	1	251467
1006.084	n/a	NonTarget	1	251521
1006.304	n/a	NonTarget	1	251576
1006.52	n/a	NonTarget	1	251630
1006.736	n/a	NonTarget	1	251684
1006.952	n/a	NonTarget	1	251738
1007.168	n/a	NonTarget	1	251792
1007.4	n/a	NonTarget	1	251850
1007.62	n/a	Target	2	251905
1007.836	n/a	NonTarget	1	251959
1008.052	n/a	NonTarget	1	252013
1008.268	n/a	NonTarget	1	252067
1008.484	n/a	NonTarget	1	252121
1008.7	n/a	NonTarget	1	252175
1008.916	n/a	Target	2	252229
1009.136	n/a	NonTarget	1	252284
1009.352	n/a	NonTarget	1	252338
1009.568	n/a	NonTarget	1	252392
1009.784	n/a	NonTarget	1	252446
1010.0	n/a	NonTarget	1	252500
1010.216	n/a	Target	2	252554
1010.432	n/a	NonTarget	1	252608
1010.652	n/a	NonTarget	1	252663
1010.868	n/a	NonTarget	1	252717
1011.084	n/a	Target	2	252771
1011.3	n/a	NonTarget	1	252825
1011.516	n/a	NonTarget	1	252879
1011.732	n/a	NonTarget	1	252933
1016.952	n/a	NonTarget	1	254238
1017.164	n/a	NonTarget	1	254291
1017.38	n/a	Target	2	254345
1017.6	n/a	NonTarget	1	254400
1017.816	n/a	NonTarget	1	254454
1018.032	n/a	NonTarget	1	254508
1018.248	n/a	NonTarget	1	254562
1018.464	n/a	Target	2	254616
1018.68	n/a	NonTarget	1	254670
1018.896	n/a	NonTarget	1	254724
1019.112	n/a	NonTarget	1	254778
1019.332	n/a	NonTarget	1	254833
1019.548	n/a	NonTarget	1	254887
1019.764	n/a	NonTarget	1	254941
1019.98	n/a	NonTarget	1	254995
1020.196	n/a	Target	2	255049
1020.412	n/a	NonTarget	1	255103
1020.632	n/a	NonTarget	1	255158
1020.848	n/a	NonTarget	1	255212
1021.064	n/a	NonTarget	1	255266
1021.28	n/a	NonTarget	1	255320
1021.496	n/a	Target	2	255374
1021.712	n/a	NonTarget	1	255428
1021.948	n/a	NonTarget	1	255487
1022.18	n/a	NonTarget	1	255545
1022.396	n/a	Target	2	255599
1022.612	n/a	NonTarget	1	255653
1022.828	n/a	NonTarget	1	255707
1023.044	n/a	NonTarget	1	255761
1023.264	n/a	NonTarget	1	255816
1023.48	n/a	NonTarget	1	255870
1023.696	n/a	NonTarget	1	255924
1023.912	n/a	Target	2	255978
1024.128	n/a	NonTarget	1	256032
1024.344	n/a	NonTarget	1	256086
1024.56	n/a	NonTarget	1	256140
1024.78	n/a	Target	2	256195
1024.996	n/a	NonTarget	1	256249
1025.212	n/a	NonTarget	1	256303
1025.428	n/a	NonTarget	1	256357
1025.644	n/a	NonTarget	1	256411
1025.86	n/a	NonTarget	1	256465
1026.076	n/a	Target	2	256519
1026.296	n/a	NonTarget	1	256574
1026.512	n/a	NonTarget	1	256628
1026.728	n/a	NonTarget	1	256682
1026.944	n/a	NonTarget	1	256736
1027.16	n/a	NonTarget	1	256790
1027.376	n/a	Target	2	256844
1027.592	n/a	NonTarget	1	256898
1027.812	n/a	NonTarget	1	256953
1028.028	n/a	NonTarget	1	257007
1028.244	n/a	NonTarget	1	257061
1028.46	n/a	NonTarget	1	257115
1028.676	n/a	NonTarget	1	257169
1028.892	n/a	NonTarget	1	257223
1029.112	n/a	NonTarget	1	257278
1029.328	n/a	Target	2	257332
1029.544	n/a	NonTarget	1	257386
1029.76	n/a	NonTarget	1	257440
1043.256	n/a	NonTarget	1	260814
1043.472	n/a	Target	2	260868
1043.688	n/a	NonTarget	1	260922
1043.904	n/a	NonTarget	1	260976
1044.12	n/a	NonTarget	1	261030
1044.336	n/a	NonTarget	1	261084
1044.556	n/a	NonTarget	1	261139
1044.772	n/a	NonTarget	1	261193
1044.988	n/a	NonTarget	1	261247
1045.204	n/a	NonTarget	1	261301
1045.42	n/a	Target	2	261355
1045.636	n/a	NonTarget	1	261409
1045.852	n/a	NonTarget	1	261463
1046.072	n/a	NonTarget	1	261518
1046.288	n/a	Target	2	261572
1046.504	n/a	NonTarget	1	261626
1046.72	n/a	NonTarget	1	261680
1046.936	n/a	NonTarget	1	261734
1047.152	n/a	Target	2	261788
1047.372	n/a	NonTarget	1	261843
1047.588	n/a	NonTarget	1	261897
1047.804	n/a	NonTarget	1	261951
1048.02	n/a	NonTarget	1	262005
1048.236	n/a	NonTarget	1	262059
1048.452	n/a	NonTarget	1	262113
1048.668	n/a	NonTarget	1	262167
1048.884	n/a	NonTarget	1	262221
1049.104	n/a	Target	2	262276
1049.32	n/a	NonTarget	1	262330
1049.536	n/a	NonTarget	1	262384
1049.752	n/a	Target	2	262438
1049.968	n/a	NonTarget	1	262492
1050.184	n/a	NonTarget	1	262546
1050.4	n/a	NonTarget	1	262600
1050.62	n/a	NonTarget	1	262655
1050.836	n/a	NonTarget	1	262709
1051.052	n/a	NonTarget	1	262763
1051.268	n/a	Target	2	262817
1051.484	n/a	NonTarget	1	262871
1051.7	n/a	NonTarget	1	262925
1051.92	n/a	NonTarget	1	262980
1052.136	n/a	NonTarget	1	263034
1052.352	n/a	NonTarget	1	263088
1052.568	n/a	NonTarget	1	263142
1052.784	n/a	NonTarget	1	263196
1053.0	n/a	NonTarget	1	263250
1053.216	n/a	NonTarget	1	263304
1053.436	n/a	Target	2	263359
1053.652	n/a	NonTarget	1	263413
1053.868	n/a	NonTarget	1	263467
1054.084	n/a	NonTarget	1	263521
1054.3	n/a	NonTarget	1	263575
1054.516	n/a	NonTarget	1	263629
1054.736	n/a	Target	2	263684
1054.952	n/a	NonTarget	1	263738
1055.168	n/a	NonTarget	1	263792
1055.384	n/a	NonTarget	1	263846
1055.6	n/a	NonTarget	1	263900
1055.816	n/a	Target	2	263954
1056.032	n/a	NonTarget	1	264008
1061.252	n/a	NonTarget	1	265313
1061.464	n/a	Target	2	265366
1061.68	n/a	NonTarget	1	265420
1061.9	n/a	NonTarget	1	265475
1062.132	n/a	NonTarget	1	265533
1062.348	n/a	NonTarget	1	265587
1062.564	n/a	NonTarget	1	265641
1062.78	n/a	NonTarget	1	265695
1062.996	n/a	NonTarget	1	265749
1063.212	n/a	NonTarget	1	265803
1063.432	n/a	Target	2	265858
1063.648	n/a	NonTarget	1	265912
1063.864	n/a	NonTarget	1	265966
1064.08	n/a	NonTarget	1	266020
1064.296	n/a	Target	2	266074
1064.512	n/a	NonTarget	1	266128
1064.728	n/a	NonTarget	1	266182
1064.948	n/a	NonTarget	1	266237
1065.164	n/a	Target	2	266291
1065.38	n/a	NonTarget	1	266345
1065.596	n/a	NonTarget	1	266399
1065.812	n/a	NonTarget	1	266453
1066.028	n/a	NonTarget	1	266507
1066.244	n/a	NonTarget	1	266561
1066.464	n/a	NonTarget	1	266616
1066.68	n/a	NonTarget	1	266670
1066.896	n/a	NonTarget	1	266724
1067.112	n/a	Target	2	266778
1067.328	n/a	NonTarget	1	266832
1067.544	n/a	NonTarget	1	266886
1067.764	n/a	Target	2	266941
1067.98	n/a	NonTarget	1	266995
1068.196	n/a	NonTarget	1	267049
1068.412	n/a	NonTarget	1	267103
1068.628	n/a	NonTarget	1	267157
1068.844	n/a	NonTarget	1	267211
1069.064	n/a	NonTarget	1	267266
1069.276	n/a	Target	2	267319
1069.496	n/a	NonTarget	1	267374
1069.712	n/a	NonTarget	1	267428
1069.928	n/a	NonTarget	1	267482
1070.144	n/a	NonTarget	1	267536
1070.36	n/a	NonTarget	1	267590
1070.58	n/a	NonTarget	1	267645
1070.796	n/a	NonTarget	1	267699
1071.012	n/a	NonTarget	1	267753
1071.228	n/a	NonTarget	1	267807
1071.444	n/a	Target	2	267861
1071.66	n/a	NonTarget	1	267915
1071.876	n/a	NonTarget	1	267969
1072.092	n/a	NonTarget	1	268023
1072.312	n/a	NonTarget	1	268078
1072.528	n/a	NonTarget	1	268132
1072.744	n/a	Target	2	268186
1072.96	n/a	NonTarget	1	268240
1073.176	n/a	NonTarget	1	268294
1073.392	n/a	NonTarget	1	268348
1073.608	n/a	NonTarget	1	268402
1073.828	n/a	Target	2	268457
1074.044	n/a	NonTarget	1	268511
1087.54	n/a	NonTarget	1	271885
1087.756	n/a	NonTarget	1	271939
1087.972	n/a	NonTarget	1	271993
1088.188	n/a	NonTarget	1	272047
1088.404	n/a	NonTarget	1	272101
1088.62	n/a	Target	2	272155
1088.836	n/a	NonTarget	1	272209
1089.056	n/a	NonTarget	1	272264
1089.272	n/a	NonTarget	1	272318
1089.488	n/a	Target	2	272372
1089.704	n/a	NonTarget	1	272426
1089.92	n/a	NonTarget	1	272480
1090.136	n/a	NonTarget	1	272534
1090.352	n/a	Target	2	272588
1090.572	n/a	NonTarget	1	272643
1090.788	n/a	NonTarget	1	272697
1091.004	n/a	NonTarget	1	272751
1091.22	n/a	NonTarget	1	272805
1091.452	n/a	NonTarget	1	272863
1091.668	n/a	NonTarget	1	272917
1091.888	n/a	NonTarget	1	272972
1092.104	n/a	NonTarget	1	273026
1092.32	n/a	NonTarget	1	273080
1092.536	n/a	Target	2	273134
1092.752	n/a	NonTarget	1	273188
1092.968	n/a	NonTarget	1	273242
1093.188	n/a	NonTarget	1	273297
1093.404	n/a	NonTarget	1	273351
1093.62	n/a	NonTarget	1	273405
1093.836	n/a	Target	2	273459
1094.052	n/a	NonTarget	1	273513
1094.268	n/a	NonTarget	1	273567
1094.484	n/a	NonTarget	1	273621
1094.704	n/a	NonTarget	1	273676
1094.92	n/a	Target	2	273730
1095.136	n/a	NonTarget	1	273784
1095.352	n/a	NonTarget	1	273838
1095.568	n/a	NonTarget	1	273892
1095.784	n/a	Target	2	273946
1096.0	n/a	NonTarget	1	274000
1096.22	n/a	NonTarget	1	274055
1096.436	n/a	NonTarget	1	274109
1096.652	n/a	NonTarget	1	274163
1096.884	n/a	Target	2	274221
1097.1	n/a	NonTarget	1	274275
1097.316	n/a	NonTarget	1	274329
1097.536	n/a	NonTarget	1	274384
1097.752	n/a	NonTarget	1	274438
1097.968	n/a	NonTarget	1	274492
1098.184	n/a	NonTarget	1	274546
1098.4	n/a	NonTarget	1	274600
1098.616	n/a	Target	2	274654
1098.836	n/a	NonTarget	1	274709
1099.052	n/a	NonTarget	1	274763
1099.268	n/a	Target	2	274817
1099.484	n/a	NonTarget	1	274871
1099.7	n/a	NonTarget	1	274925
1099.916	n/a	NonTarget	1	274979
1100.132	n/a	NonTarget	1	275033
1100.352	n/a	NonTarget	1	275088
1105.568	n/a	NonTarget	1	276392
1105.78	n/a	Target	2	276445
1105.996	n/a	NonTarget	1	276499
1106.216	n/a	NonTarget	1	276554
1106.432	n/a	NonTarget	1	276608
1106.648	n/a	NonTarget	1	276662
1106.864	n/a	NonTarget	1	276716
1107.08	n/a	NonTarget	1	276770
1107.296	n/a	NonTarget	1	276824
1107.516	n/a	NonTarget	1	276879
1107.732	n/a	Target	2	276933
1107.948	n/a	NonTarget	1	276987
1108.164	n/a	NonTarget	1	277041
1108.38	n/a	NonTarget	1	277095
1108.596	n/a	Target	2	277149
1108.812	n/a	NonTarget	1	277203
1109.032	n/a	NonTarget	1	277258
1109.248	n/a	NonTarget	1	277312
1109.464	n/a	Target	2	277366
1109.68	n/a	NonTarget	1	277420
1109.896	n/a	NonTarget	1	277474
1110.112	n/a	NonTarget	1	277528
1110.328	n/a	NonTarget	1	277582
1110.548	n/a	NonTarget	1	277637
1110.764	n/a	NonTarget	1	277691
1110.98	n/a	NonTarget	1	277745
1111.196	n/a	NonTarget	1	277799
1111.412	n/a	Target	2	277853
1111.628	n/a	NonTarget	1	277907
1111.844	n/a	NonTarget	1	277961
1112.06	n/a	Target	2	278015
1112.28	n/a	NonTarget	1	278070
1112.496	n/a	NonTarget	1	278124
1112.712	n/a	NonTarget	1	278178
1112.928	n/a	NonTarget	1	278232
1113.144	n/a	NonTarget	1	278286
1113.36	n/a	NonTarget	1	278340
1113.58	n/a	Target	2	278395
1113.796	n/a	NonTarget	1	278449
1114.012	n/a	NonTarget	1	278503
1114.228	n/a	NonTarget	1	278557
1114.444	n/a	NonTarget	1	278611
1114.66	n/a	NonTarget	1	278665
1114.876	n/a	NonTarget	1	278719
1115.096	n/a	NonTarget	1	278774
1115.312	n/a	NonTarget	1	278828
1115.528	n/a	NonTarget	1	278882
1115.744	n/a	Target	2	278936
1115.96	n/a	NonTarget	1	278990
1116.176	n/a	NonTarget	1	279044
1116.392	n/a	NonTarget	1	279098
1116.612	n/a	NonTarget	1	279153
1116.828	n/a	NonTarget	1	279207
1117.044	n/a	Target	2	279261
1117.26	n/a	NonTarget	1	279315
1117.476	n/a	NonTarget	1	279369
1117.692	n/a	NonTarget	1	279423
1117.912	n/a	NonTarget	1	279478
1118.128	n/a	Target	2	279532
1118.344	n/a	NonTarget	1	279586
1131.84	n/a	NonTarget	1	282960
1132.056	n/a	Target	2	283014
1132.272	n/a	NonTarget	1	283068
1132.488	n/a	NonTarget	1	283122
1132.704	n/a	NonTarget	1	283176
1132.92	n/a	NonTarget	1	283230
1133.136	n/a	NonTarget	1	283284
1133.352	n/a	NonTarget	1	283338
1133.572	n/a	NonTarget	1	283393
1133.788	n/a	NonTarget	1	283447
1134.004	n/a	Target	2	283501
1134.22	n/a	NonTarget	1	283555
1134.436	n/a	NonTarget	1	283609
1134.652	n/a	NonTarget	1	283663
1134.868	n/a	Target	2	283717
1135.088	n/a	NonTarget	1	283772
1135.304	n/a	NonTarget	1	283826
1135.52	n/a	NonTarget	1	283880
1135.736	n/a	Target	2	283934
1135.952	n/a	NonTarget	1	283988
1136.168	n/a	NonTarget	1	284042
1136.388	n/a	NonTarget	1	284097
1136.604	n/a	NonTarget	1	284151
1136.82	n/a	NonTarget	1	284205
1137.036	n/a	NonTarget	1	284259
1137.252	n/a	NonTarget	1	284313
1137.468	n/a	NonTarget	1	284367
1137.684	n/a	Target	2	284421
1137.904	n/a	NonTarget	1	284476
1138.12	n/a	NonTarget	1	284530
1138.336	n/a	Target	2	284584
1138.552	n/a	NonTarget	1	284638
1138.768	n/a	NonTarget	1	284692
1138.984	n/a	NonTarget	1	284746
1139.2	n/a	NonTarget	1	284800
1139.42	n/a	NonTarget	1	284855
1139.636	n/a	NonTarget	1	284909
1139.852	n/a	Target	2	284963
1140.068	n/a	NonTarget	1	285017
1140.284	n/a	NonTarget	1	285071
1140.5	n/a	NonTarget	1	285125
1140.716	n/a	NonTarget	1	285179
1140.936	n/a	NonTarget	1	285234
1141.152	n/a	NonTarget	1	285288
1141.368	n/a	NonTarget	1	285342
1141.584	n/a	NonTarget	1	285396
1141.8	n/a	NonTarget	1	285450
1142.016	n/a	Target	2	285504
1142.232	n/a	NonTarget	1	285558
1142.452	n/a	NonTarget	1	285613
1142.668	n/a	NonTarget	1	285667
1142.884	n/a	NonTarget	1	285721
1143.1	n/a	NonTarget	1	285775
1143.316	n/a	Target	2	285829
1143.532	n/a	NonTarget	1	285883
1143.748	n/a	NonTarget	1	285937
1143.968	n/a	NonTarget	1	285992
1144.184	n/a	NonTarget	1	286046
1144.4	n/a	Target	2	286100
1144.616	n/a	NonTarget	1	286154
1149.832	n/a	Target	2	287458
1150.048	n/a	NonTarget	1	287512
1150.264	n/a	NonTarget	1	287566
1150.48	n/a	NonTarget	1	287620
1150.696	n/a	NonTarget	1	287674
1150.912	n/a	NonTarget	1	287728
1151.132	n/a	Target	2	287783
1151.348	n/a	NonTarget	1	287837
1151.564	n/a	NonTarget	1	287891
1151.78	n/a	NonTarget	1	287945
1151.996	n/a	NonTarget	1	287999
1152.212	n/a	NonTarget	1	288053
1152.432	n/a	NonTarget	1	288108
1152.648	n/a	NonTarget	1	288162
1152.864	n/a	NonTarget	1	288216
1153.08	n/a	NonTarget	1	288270
1153.296	n/a	Target	2	288324
1153.512	n/a	NonTarget	1	288378
1153.728	n/a	NonTarget	1	288432
1153.948	n/a	NonTarget	1	288487
1154.164	n/a	NonTarget	1	288541
1154.38	n/a	NonTarget	1	288595
1154.596	n/a	Target	2	288649
1154.812	n/a	NonTarget	1	288703
1155.028	n/a	NonTarget	1	288757
1155.244	n/a	NonTarget	1	288811
1155.464	n/a	Target	2	288866
1155.68	n/a	NonTarget	1	288920
1155.896	n/a	NonTarget	1	288974
1156.112	n/a	NonTarget	1	289028
1156.328	n/a	NonTarget	1	289082
1156.544	n/a	NonTarget	1	289136
1156.764	n/a	NonTarget	1	289191
1156.98	n/a	Target	2	289245
1157.196	n/a	NonTarget	1	289299
1157.412	n/a	NonTarget	1	289353
1157.628	n/a	NonTarget	1	289407
1157.844	n/a	NonTarget	1	289461
1158.06	n/a	NonTarget	1	289515
1158.28	n/a	NonTarget	1	289570
1158.496	n/a	NonTarget	1	289624
1158.712	n/a	Target	2	289678
1158.928	n/a	NonTarget	1	289732
1159.144	n/a	NonTarget	1	289786
1159.36	n/a	Target	2	289840
1159.576	n/a	NonTarget	1	289894
1159.792	n/a	NonTarget	1	289948
1160.012	n/a	NonTarget	1	290003
1160.228	n/a	NonTarget	1	290057
1160.444	n/a	NonTarget	1	290111
1160.66	n/a	Target	2	290165
1160.876	n/a	NonTarget	1	290219
1161.096	n/a	NonTarget	1	290274
1161.328	n/a	NonTarget	1	290332
1161.544	n/a	NonTarget	1	290386
1161.76	n/a	Target	2	290440
1161.976	n/a	NonTarget	1	290494
1162.192	n/a	NonTarget	1	290548
1162.408	n/a	NonTarget	1	290602
1162.624	n/a	NonTarget	1	290656
1176.124	n/a	NonTarget	1	294031
1176.34	n/a	NonTarget	1	294085
1176.556	n/a	NonTarget	1	294139
1176.772	n/a	NonTarget	1	294193
1176.988	n/a	Target	2	294247
1177.204	n/a	NonTarget	1	294301
1177.42	n/a	NonTarget	1	294355
1177.636	n/a	NonTarget	1	294409
1177.852	n/a	Target	2	294463
1178.072	n/a	NonTarget	1	294518
1178.288	n/a	NonTarget	1	294572
1178.504	n/a	NonTarget	1	294626
1178.72	n/a	Target	2	294680
1178.936	n/a	NonTarget	1	294734
1179.152	n/a	NonTarget	1	294788
1179.372	n/a	NonTarget	1	294843
1179.588	n/a	NonTarget	1	294897
1179.804	n/a	NonTarget	1	294951
1180.02	n/a	NonTarget	1	295005
1180.236	n/a	Target	2	295059
1180.452	n/a	NonTarget	1	295113
1180.668	n/a	NonTarget	1	295167
1180.884	n/a	NonTarget	1	295221
1181.104	n/a	NonTarget	1	295276
1181.32	n/a	Target	2	295330
1181.536	n/a	NonTarget	1	295384
1181.752	n/a	NonTarget	1	295438
1181.968	n/a	NonTarget	1	295492
1182.184	n/a	NonTarget	1	295546
1182.404	n/a	NonTarget	1	295601
1182.62	n/a	NonTarget	1	295655
1182.836	n/a	NonTarget	1	295709
1183.052	n/a	NonTarget	1	295763
1183.268	n/a	NonTarget	1	295817
1183.484	n/a	NonTarget	1	295871
1183.7	n/a	Target	2	295925
1183.92	n/a	NonTarget	1	295980
1184.136	n/a	NonTarget	1	296034
1184.352	n/a	NonTarget	1	296088
1184.568	n/a	Target	2	296142
1184.784	n/a	NonTarget	1	296196
1185.0	n/a	NonTarget	1	296250
1185.22	n/a	NonTarget	1	296305
1185.436	n/a	NonTarget	1	296359
1185.652	n/a	NonTarget	1	296413
1185.868	n/a	Target	2	296467
1186.084	n/a	NonTarget	1	296521
1186.3	n/a	NonTarget	1	296575
1186.516	n/a	NonTarget	1	296629
1186.732	n/a	Target	2	296683
1186.948	n/a	NonTarget	1	296737
1187.168	n/a	NonTarget	1	296792
1187.384	n/a	NonTarget	1	296846
1187.6	n/a	NonTarget	1	296900
1187.816	n/a	NonTarget	1	296954
1188.032	n/a	NonTarget	1	297008
1188.252	n/a	NonTarget	1	297063
1188.468	n/a	NonTarget	1	297117
1188.684	n/a	NonTarget	1	297171
1188.9	n/a	Target	2	297225
1194.116	n/a	NonTarget	1	298529
1194.332	n/a	NonTarget	1	298583
1194.548	n/a	NonTarget	1	298637
1194.764	n/a	NonTarget	1	298691
1194.98	n/a	NonTarget	1	298745
1195.196	n/a	Target	2	298799
1195.412	n/a	NonTarget	1	298853
1195.632	n/a	NonTarget	1	298908
1195.848	n/a	NonTarget	1	298962
1196.064	n/a	Target	2	299016
1196.28	n/a	NonTarget	1	299070
1196.496	n/a	NonTarget	1	299124
1196.712	n/a	NonTarget	1	299178
1196.932	n/a	Target	2	299233
1197.148	n/a	NonTarget	1	299287
1197.364	n/a	NonTarget	1	299341
1197.58	n/a	NonTarget	1	299395
1197.796	n/a	NonTarget	1	299449
1198.012	n/a	NonTarget	1	299503
1198.228	n/a	NonTarget	1	299557
1198.448	n/a	NonTarget	1	299612
1198.664	n/a	NonTarget	1	299666
1198.88	n/a	NonTarget	1	299720
1199.096	n/a	Target	2	299774
1199.312	n/a	NonTarget	1	299828
1199.528	n/a	NonTarget	1	299882
1199.744	n/a	NonTarget	1	299936
1199.96	n/a	NonTarget	1	299990
1200.18	n/a	NonTarget	1	300045
1200.396	n/a	Target	2	300099
1200.612	n/a	NonTarget	1	300153
1200.828	n/a	NonTarget	1	300207
1201.044	n/a	NonTarget	1	300261
1201.26	n/a	NonTarget	1	300315
1201.48	n/a	Target	2	300370
1201.696	n/a	NonTarget	1	300424
1201.912	n/a	NonTarget	1	300478
1202.128	n/a	NonTarget	1	300532
1202.344	n/a	Target	2	300586
1202.56	n/a	NonTarget	1	300640
1202.776	n/a	NonTarget	1	300694
1202.996	n/a	NonTarget	1	300749
1203.212	n/a	NonTarget	1	300803
1203.428	n/a	Target	2	300857
1203.644	n/a	NonTarget	1	300911
1203.86	n/a	NonTarget	1	300965
1204.076	n/a	NonTarget	1	301019
1204.296	n/a	NonTarget	1	301074
1204.512	n/a	NonTarget	1	301128
1204.728	n/a	NonTarget	1	301182
1204.944	n/a	NonTarget	1	301236
1205.16	n/a	Target	2	301290
1205.376	n/a	NonTarget	1	301344
1205.592	n/a	NonTarget	1	301398
1205.808	n/a	Target	2	301452
1206.028	n/a	NonTarget	1	301507
1206.244	n/a	NonTarget	1	301561
1206.46	n/a	NonTarget	1	301615
1206.676	n/a	NonTarget	1	301669
1206.892	n/a	NonTarget	1	301723
1220.392	n/a	NonTarget	1	305098
1220.604	n/a	NonTarget	1	305151
1220.82	n/a	NonTarget	1	305205
1221.036	n/a	Target	2	305259
1221.256	n/a	NonTarget	1	305314
1221.472	n/a	NonTarget	1	305368
1221.688	n/a	NonTarget	1	305422
1221.904	n/a	NonTarget	1	305476
1222.12	n/a	NonTarget	1	305530
1222.336	n/a	NonTarget	1	305584
1222.572	n/a	NonTarget	1	305643
1222.788	n/a	Target	2	305697
1223.004	n/a	NonTarget	1	305751
1223.22	n/a	NonTarget	1	305805
1223.436	n/a	NonTarget	1	305859
1223.652	n/a	NonTarget	1	305913
1223.868	n/a	NonTarget	1	305967
1224.088	n/a	Target	2	306022
1224.304	n/a	NonTarget	1	306076
1224.52	n/a	NonTarget	1	306130
1224.736	n/a	Target	2	306184
1224.952	n/a	NonTarget	1	306238
1225.168	n/a	NonTarget	1	306292
1225.384	n/a	NonTarget	1	306346
1225.604	n/a	NonTarget	1	306401
1225.82	n/a	NonTarget	1	306455
1226.036	n/a	NonTarget	1	306509
1226.252	n/a	NonTarget	1	306563
1226.468	n/a	Target	2	306617
1226.684	n/a	NonTarget	1	306671
1226.904	n/a	NonTarget	1	306726
1227.12	n/a	Target	2	306780
1227.336	n/a	NonTarget	1	306834
1227.552	n/a	NonTarget	1	306888
1227.768	n/a	NonTarget	1	306942
1227.984	n/a	NonTarget	1	306996
1228.2	n/a	NonTarget	1	307050
1228.42	n/a	NonTarget	1	307105
1228.636	n/a	NonTarget	1	307159
1228.852	n/a	NonTarget	1	307213
1229.068	n/a	Target	2	307267
1229.284	n/a	NonTarget	1	307321
1229.5	n/a	NonTarget	1	307375
1229.716	n/a	NonTarget	1	307429
1229.936	n/a	NonTarget	1	307484
1230.152	n/a	NonTarget	1	307538
1230.368	n/a	Target	2	307592
1230.584	n/a	NonTarget	1	307646
1230.8	n/a	NonTarget	1	307700
1231.016	n/a	NonTarget	1	307754
1231.232	n/a	NonTarget	1	307808
1231.452	n/a	NonTarget	1	307863
1231.668	n/a	Target	2	307917
1231.884	n/a	NonTarget	1	307971
1232.1	n/a	NonTarget	1	308025
1232.316	n/a	NonTarget	1	308079
1232.532	n/a	Target	2	308133
1232.748	n/a	NonTarget	1	308187
1232.968	n/a	NonTarget	1	308242
1233.184	n/a	NonTarget	1	308296
1238.4	n/a	NonTarget	1	309600
1238.616	n/a	NonTarget	1	309654
1238.832	n/a	Target	2	309708
1239.048	n/a	NonTarget	1	309762
1239.264	n/a	NonTarget	1	309816
1239.48	n/a	NonTarget	1	309870
1239.696	n/a	NonTarget	1	309924
1239.912	n/a	Target	2	309978
1240.132	n/a	NonTarget	1	310033
1240.348	n/a	NonTarget	1	310087
1240.564	n/a	NonTarget	1	310141
1240.78	n/a	NonTarget	1	310195
1240.996	n/a	NonTarget	1	310249
1241.212	n/a	NonTarget	1	310303
1241.432	n/a	NonTarget	1	310358
1241.644	n/a	Target	2	310411
1241.864	n/a	NonTarget	1	310466
1242.08	n/a	NonTarget	1	310520
1242.296	n/a	NonTarget	1	310574
1242.512	n/a	NonTarget	1	310628
1242.728	n/a	NonTarget	1	310682
1242.948	n/a	Target	2	310737
1243.164	n/a	NonTarget	1	310791
1243.38	n/a	NonTarget	1	310845
1243.596	n/a	NonTarget	1	310899
1243.812	n/a	Target	2	310953
1244.028	n/a	NonTarget	1	311007
1244.244	n/a	NonTarget	1	311061
1244.46	n/a	NonTarget	1	311115
1244.68	n/a	NonTarget	1	311170
1244.896	n/a	NonTarget	1	311224
1245.112	n/a	NonTarget	1	311278
1245.328	n/a	Target	2	311332
1245.544	n/a	NonTarget	1	311386
1245.76	n/a	NonTarget	1	311440
1245.98	n/a	NonTarget	1	311495
1246.196	n/a	Target	2	311549
1246.412	n/a	NonTarget	1	311603
1246.628	n/a	NonTarget	1	311657
1246.844	n/a	NonTarget	1	311711
1247.06	n/a	NonTarget	1	311765
1247.276	n/a	NonTarget	1	311819
1247.496	n/a	Target	2	311874
1247.712	n/a	NonTarget	1	311928
1247.928	n/a	NonTarget	1	311982
1248.144	n/a	NonTarget	1	312036
1248.36	n/a	NonTarget	1	312090
1248.576	n/a	NonTarget	1	312144
1248.792	n/a	Target	2	312198
1249.012	n/a	NonTarget	1	312253
1249.228	n/a	NonTarget	1	312307
1249.444	n/a	NonTarget	1	312361
1249.66	n/a	NonTarget	1	312415
1249.876	n/a	NonTarget	1	312469
1250.092	n/a	NonTarget	1	312523
1250.308	n/a	NonTarget	1	312577
1250.528	n/a	NonTarget	1	312632
1250.744	n/a	Target	2	312686
1250.96	n/a	NonTarget	1	312740
1251.176	n/a	NonTarget	1	312794
1264.676	n/a	Target	2	316169
1264.888	n/a	NonTarget	1	316222
1265.104	n/a	NonTarget	1	316276
1265.32	n/a	NonTarget	1	316330
1265.536	n/a	NonTarget	1	316384
1265.752	n/a	NonTarget	1	316438
1265.972	n/a	Target	2	316493
1266.188	n/a	NonTarget	1	316547
1266.404	n/a	NonTarget	1	316601
1266.62	n/a	NonTarget	1	316655
1266.836	n/a	NonTarget	1	316709
1267.052	n/a	NonTarget	1	316763
1267.268	n/a	NonTarget	1	316817
1267.488	n/a	NonTarget	1	316872
1267.704	n/a	NonTarget	1	316926
1267.92	n/a	NonTarget	1	316980
1268.136	n/a	Target	2	317034
1268.352	n/a	NonTarget	1	317088
1268.568	n/a	NonTarget	1	317142
1268.788	n/a	NonTarget	1	317197
1269.004	n/a	NonTarget	1	317251
1269.22	n/a	NonTarget	1	317305
1269.436	n/a	Target	2	317359
1269.652	n/a	NonTarget	1	317413
1269.868	n/a	NonTarget	1	317467
1270.084	n/a	NonTarget	1	317521
1270.304	n/a	Target	2	317576
1270.52	n/a	NonTarget	1	317630
1270.736	n/a	NonTarget	1	317684
1270.952	n/a	NonTarget	1	317738
1271.168	n/a	NonTarget	1	317792
1271.384	n/a	NonTarget	1	317846
1271.6	n/a	NonTarget	1	317900
1271.816	n/a	Target	2	317954
1272.036	n/a	NonTarget	1	318009
1272.252	n/a	NonTarget	1	318063
1272.468	n/a	NonTarget	1	318117
1272.684	n/a	NonTarget	1	318171
1272.9	n/a	NonTarget	1	318225
1273.116	n/a	NonTarget	1	318279
1273.336	n/a	NonTarget	1	318334
1273.552	n/a	Target	2	318388
1273.768	n/a	NonTarget	1	318442
1273.984	n/a	NonTarget	1	318496
1274.2	n/a	Target	2	318550
1274.416	n/a	NonTarget	1	318604
1274.632	n/a	NonTarget	1	318658
1274.852	n/a	NonTarget	1	318713
1275.068	n/a	NonTarget	1	318767
1275.284	n/a	NonTarget	1	318821
1275.5	n/a	Target	2	318875
1275.716	n/a	NonTarget	1	318929
1275.932	n/a	NonTarget	1	318983
1276.148	n/a	NonTarget	1	319037
1276.368	n/a	NonTarget	1	319092
1276.584	n/a	Target	2	319146
1276.8	n/a	NonTarget	1	319200
1277.016	n/a	NonTarget	1	319254
1277.232	n/a	NonTarget	1	319308
1277.448	n/a	NonTarget	1	319362
1282.668	n/a	NonTarget	1	320667
1282.88	n/a	NonTarget	1	320720
1283.096	n/a	Target	2	320774
1283.316	n/a	NonTarget	1	320829
1283.532	n/a	NonTarget	1	320883
1283.748	n/a	NonTarget	1	320937
1283.964	n/a	NonTarget	1	320991
1284.18	n/a	Target	2	321045
1284.396	n/a	NonTarget	1	321099
1284.616	n/a	NonTarget	1	321154
1284.828	n/a	NonTarget	1	321207
1285.048	n/a	NonTarget	1	321262
1285.264	n/a	NonTarget	1	321316
1285.48	n/a	NonTarget	1	321370
1285.696	n/a	NonTarget	1	321424
1285.912	n/a	Target	2	321478
1286.128	n/a	NonTarget	1	321532
1286.348	n/a	NonTarget	1	321587
1286.564	n/a	NonTarget	1	321641
1286.78	n/a	NonTarget	1	321695
1286.996	n/a	NonTarget	1	321749
1287.212	n/a	Target	2	321803
1287.428	n/a	NonTarget	1	321857
1287.644	n/a	NonTarget	1	321911
1287.864	n/a	NonTarget	1	321966
1288.08	n/a	Target	2	322020
1288.296	n/a	NonTarget	1	322074
1288.512	n/a	NonTarget	1	322128
1288.728	n/a	NonTarget	1	322182
1288.944	n/a	NonTarget	1	322236
1289.16	n/a	NonTarget	1	322290
1289.38	n/a	NonTarget	1	322345
1289.596	n/a	Target	2	322399
1289.812	n/a	NonTarget	1	322453
1290.028	n/a	NonTarget	1	322507
1290.244	n/a	NonTarget	1	322561
1290.46	n/a	Target	2	322615
1290.676	n/a	NonTarget	1	322669
1290.896	n/a	NonTarget	1	322724
1291.112	n/a	NonTarget	1	322778
1291.328	n/a	NonTarget	1	322832
1291.544	n/a	NonTarget	1	322886
1291.76	n/a	Target	2	322940
1291.976	n/a	NonTarget	1	322994
1292.192	n/a	NonTarget	1	323048
1292.412	n/a	NonTarget	1	323103
1292.628	n/a	NonTarget	1	323157
1292.844	n/a	NonTarget	1	323211
1293.06	n/a	Target	2	323265
1293.276	n/a	NonTarget	1	323319
1293.492	n/a	NonTarget	1	323373
1293.712	n/a	NonTarget	1	323428
1293.924	n/a	NonTarget	1	323481
1294.144	n/a	NonTarget	1	323536
1294.36	n/a	NonTarget	1	323590
1294.576	n/a	NonTarget	1	323644
1294.792	n/a	NonTarget	1	323698
1295.008	n/a	Target	2	323752
1295.228	n/a	NonTarget	1	323807
1295.444	n/a	NonTarget	1	323861
1308.94	n/a	NonTarget	1	327235
1309.152	n/a	NonTarget	1	327288
1309.372	n/a	NonTarget	1	327343
1309.588	n/a	NonTarget	1	327397
1309.82	n/a	Target	2	327455
1310.036	n/a	NonTarget	1	327509
1310.252	n/a	NonTarget	1	327563
1310.472	n/a	NonTarget	1	327618
1310.688	n/a	Target	2	327672
1310.904	n/a	NonTarget	1	327726
1311.12	n/a	NonTarget	1	327780
1311.336	n/a	NonTarget	1	327834
1311.552	n/a	Target	2	327888
1311.768	n/a	NonTarget	1	327942
1311.988	n/a	NonTarget	1	327997
1312.204	n/a	NonTarget	1	328051
1312.42	n/a	NonTarget	1	328105
1312.636	n/a	NonTarget	1	328159
1312.852	n/a	NonTarget	1	328213
1313.068	n/a	Target	2	328267
1313.284	n/a	NonTarget	1	328321
1313.504	n/a	NonTarget	1	328376
1313.72	n/a	NonTarget	1	328430
1313.936	n/a	NonTarget	1	328484
1314.152	n/a	Target	2	328538
1314.368	n/a	NonTarget	1	328592
1314.588	n/a	NonTarget	1	328647
1314.8	n/a	NonTarget	1	328700
1315.02	n/a	NonTarget	1	328755
1315.236	n/a	NonTarget	1	328809
1315.452	n/a	NonTarget	1	328863
1315.668	n/a	NonTarget	1	328917
1315.884	n/a	NonTarget	1	328971
1316.1	n/a	NonTarget	1	329025
1316.32	n/a	NonTarget	1	329080
1316.536	n/a	Target	2	329134
1316.752	n/a	NonTarget	1	329188
1316.968	n/a	NonTarget	1	329242
1317.184	n/a	NonTarget	1	329296
1317.4	n/a	Target	2	329350
1317.616	n/a	NonTarget	1	329404
1317.832	n/a	NonTarget	1	329458
1318.052	n/a	NonTarget	1	329513
1318.268	n/a	NonTarget	1	329567
1318.484	n/a	NonTarget	1	329621
1318.7	n/a	Target	2	329675
1318.916	n/a	NonTarget	1	329729
1319.136	n/a	NonTarget	1	329784
1319.352	n/a	NonTarget	1	329838
1319.568	n/a	Target	2	329892
1319.784	n/a	NonTarget	1	329946
1320.0	n/a	NonTarget	1	330000
1320.216	n/a	NonTarget	1	330054
1320.432	n/a	NonTarget	1	330108
1320.648	n/a	NonTarget	1	330162
1320.868	n/a	NonTarget	1	330217
1321.084	n/a	NonTarget	1	330271
1321.3	n/a	NonTarget	1	330325
1321.516	n/a	NonTarget	1	330379
1321.732	n/a	Target	2	330433
1326.968	n/a	NonTarget	1	331742
1327.18	n/a	NonTarget	1	331795
1327.416	n/a	NonTarget	1	331854
1327.632	n/a	NonTarget	1	331908
1327.848	n/a	NonTarget	1	331962
1328.064	n/a	Target	2	332016
1328.28	n/a	NonTarget	1	332070
1328.496	n/a	NonTarget	1	332124
1328.712	n/a	NonTarget	1	332178
1328.928	n/a	Target	2	332232
1329.148	n/a	NonTarget	1	332287
1329.364	n/a	NonTarget	1	332341
1329.58	n/a	NonTarget	1	332395
1329.796	n/a	Target	2	332449
1330.012	n/a	NonTarget	1	332503
1330.232	n/a	NonTarget	1	332558
1330.448	n/a	NonTarget	1	332612
1330.664	n/a	NonTarget	1	332666
1330.88	n/a	NonTarget	1	332720
1331.096	n/a	NonTarget	1	332774
1331.312	n/a	NonTarget	1	332828
1331.528	n/a	NonTarget	1	332882
1331.744	n/a	NonTarget	1	332936
1331.964	n/a	Target	2	332991
1332.18	n/a	NonTarget	1	333045
1332.396	n/a	NonTarget	1	333099
1332.612	n/a	NonTarget	1	333153
1332.828	n/a	NonTarget	1	333207
1333.044	n/a	NonTarget	1	333261
1333.26	n/a	Target	2	333315
1333.48	n/a	NonTarget	1	333370
1333.696	n/a	NonTarget	1	333424
1333.912	n/a	NonTarget	1	333478
1334.128	n/a	NonTarget	1	333532
1334.344	n/a	Target	2	333586
1334.56	n/a	NonTarget	1	333640
1334.776	n/a	NonTarget	1	333694
1334.992	n/a	NonTarget	1	333748
1335.212	n/a	Target	2	333803
1335.428	n/a	NonTarget	1	333857
1335.644	n/a	NonTarget	1	333911
1335.86	n/a	NonTarget	1	333965
1336.076	n/a	NonTarget	1	334019
1336.292	n/a	Target	2	334073
1336.512	n/a	NonTarget	1	334128
1336.728	n/a	NonTarget	1	334182
1336.944	n/a	NonTarget	1	334236
1337.16	n/a	NonTarget	1	334290
1337.376	n/a	NonTarget	1	334344
1337.592	n/a	NonTarget	1	334398
1337.808	n/a	NonTarget	1	334452
1338.028	n/a	Target	2	334507
1338.244	n/a	NonTarget	1	334561
1338.46	n/a	NonTarget	1	334615
1338.676	n/a	Target	2	334669
1338.892	n/a	NonTarget	1	334723
1339.108	n/a	NonTarget	1	334777
1339.324	n/a	NonTarget	1	334831
1339.544	n/a	NonTarget	1	334886
1339.76	n/a	NonTarget	1	334940
1353.256	n/a	Target	2	338314
1353.472	n/a	NonTarget	1	338368
1353.688	n/a	NonTarget	1	338422
1353.904	n/a	NonTarget	1	338476
1354.12	n/a	NonTarget	1	338530
1354.336	n/a	NonTarget	1	338584
1354.552	n/a	Target	2	338638
1354.768	n/a	NonTarget	1	338692
1354.988	n/a	NonTarget	1	338747
1355.204	n/a	NonTarget	1	338801
1355.42	n/a	NonTarget	1	338855
1355.636	n/a	NonTarget	1	338909
1355.852	n/a	NonTarget	1	338963
1356.068	n/a	NonTarget	1	339017
1356.288	n/a	NonTarget	1	339072
1356.504	n/a	NonTarget	1	339126
1356.72	n/a	Target	2	339180
1356.936	n/a	NonTarget	1	339234
1357.152	n/a	NonTarget	1	339288
1357.368	n/a	NonTarget	1	339342
1357.584	n/a	NonTarget	1	339396
1357.804	n/a	NonTarget	1	339451
1358.02	n/a	Target	2	339505
1358.236	n/a	NonTarget	1	339559
1358.452	n/a	NonTarget	1	339613
1358.668	n/a	NonTarget	1	339667
1358.884	n/a	Target	2	339721
1359.1	n/a	NonTarget	1	339775
1359.316	n/a	NonTarget	1	339829
1359.536	n/a	NonTarget	1	339884
1359.752	n/a	NonTarget	1	339938
1359.968	n/a	NonTarget	1	339992
1360.184	n/a	NonTarget	1	340046
1360.4	n/a	Target	2	340100
1360.616	n/a	NonTarget	1	340154
1360.836	n/a	NonTarget	1	340209
1361.052	n/a	NonTarget	1	340263
1361.268	n/a	NonTarget	1	340317
1361.484	n/a	NonTarget	1	340371
1361.7	n/a	NonTarget	1	340425
1361.916	n/a	NonTarget	1	340479
1362.136	n/a	Target	2	340534
1362.352	n/a	NonTarget	1	340588
1362.568	n/a	NonTarget	1	340642
1362.784	n/a	Target	2	340696
1363.0	n/a	NonTarget	1	340750
1363.216	n/a	NonTarget	1	340804
1363.432	n/a	NonTarget	1	340858
1363.652	n/a	NonTarget	1	340913
1363.868	n/a	NonTarget	1	340967
1364.084	n/a	Target	2	341021
1364.3	n/a	NonTarget	1	341075
1364.516	n/a	NonTarget	1	341129
1364.732	n/a	NonTarget	1	341183
1364.948	n/a	NonTarget	1	341237
1365.168	n/a	Target	2	341292
1365.384	n/a	NonTarget	1	341346
1365.616	n/a	NonTarget	1	341404
1365.832	n/a	NonTarget	1	341458
1366.048	n/a	NonTarget	1	341512
1380.728	n/a	Target	2	345182
1380.944	n/a	NonTarget	1	345236
1381.16	n/a	NonTarget	1	345290
1381.376	n/a	NonTarget	1	345344
1381.592	n/a	NonTarget	1	345398
1381.808	n/a	NonTarget	1	345452
1382.028	n/a	Target	2	345507
1382.244	n/a	NonTarget	1	345561
1382.46	n/a	NonTarget	1	345615
1382.676	n/a	NonTarget	1	345669
1382.892	n/a	NonTarget	1	345723
1383.108	n/a	NonTarget	1	345777
1383.328	n/a	NonTarget	1	345832
1383.544	n/a	NonTarget	1	345886
1383.76	n/a	NonTarget	1	345940
1383.976	n/a	NonTarget	1	345994
1384.192	n/a	Target	2	346048
1384.408	n/a	NonTarget	1	346102
1384.624	n/a	NonTarget	1	346156
1384.84	n/a	NonTarget	1	346210
1385.06	n/a	NonTarget	1	346265
1385.276	n/a	NonTarget	1	346319
1385.492	n/a	Target	2	346373
1385.708	n/a	NonTarget	1	346427
1385.924	n/a	NonTarget	1	346481
1386.14	n/a	NonTarget	1	346535
1386.356	n/a	Target	2	346589
1386.576	n/a	NonTarget	1	346644
1386.792	n/a	NonTarget	1	346698
1387.008	n/a	NonTarget	1	346752
1387.224	n/a	NonTarget	1	346806
1387.44	n/a	NonTarget	1	346860
1387.66	n/a	NonTarget	1	346915
1387.876	n/a	Target	2	346969
1388.092	n/a	NonTarget	1	347023
1388.308	n/a	NonTarget	1	347077
1388.524	n/a	NonTarget	1	347131
1388.74	n/a	NonTarget	1	347185
1388.956	n/a	NonTarget	1	347239
1389.176	n/a	NonTarget	1	347294
1389.408	n/a	NonTarget	1	347352
1389.624	n/a	Target	2	347406
1389.856	n/a	NonTarget	1	347464
1390.072	n/a	NonTarget	1	347518
1390.288	n/a	Target	2	347572
1390.508	n/a	NonTarget	1	347627
1390.724	n/a	NonTarget	1	347681
1390.94	n/a	NonTarget	1	347735
1391.156	n/a	NonTarget	1	347789
1391.372	n/a	NonTarget	1	347843
1391.588	n/a	Target	2	347897
1391.804	n/a	NonTarget	1	347951
1392.024	n/a	NonTarget	1	348006
1392.24	n/a	NonTarget	1	348060
1392.456	n/a	NonTarget	1	348114
1392.672	n/a	Target	2	348168
1392.888	n/a	NonTarget	1	348222
1393.104	n/a	NonTarget	1	348276
1393.324	n/a	NonTarget	1	348331
1393.54	n/a	NonTarget	1	348385
1407.036	n/a	NonTarget	1	351759
1407.252	n/a	NonTarget	1	351813
1407.468	n/a	Target	2	351867
1407.684	n/a	NonTarget	1	351921
1407.9	n/a	NonTarget	1	351975
1408.116	n/a	NonTarget	1	352029
1408.332	n/a	NonTarget	1	352083
1408.548	n/a	Target	2	352137
1408.768	n/a	NonTarget	1	352192
1408.984	n/a	NonTarget	1	352246
1409.2	n/a	NonTarget	1	352300
1409.416	n/a	NonTarget	1	352354
1409.632	n/a	NonTarget	1	352408
1409.848	n/a	NonTarget	1	352462
1410.064	n/a	NonTarget	1	352516
1410.284	n/a	Target	2	352571
1410.5	n/a	NonTarget	1	352625
1410.716	n/a	NonTarget	1	352679
1410.932	n/a	NonTarget	1	352733
1411.148	n/a	NonTarget	1	352787
1411.364	n/a	NonTarget	1	352841
1411.584	n/a	Target	2	352896
1411.8	n/a	NonTarget	1	352950
1412.016	n/a	NonTarget	1	353004
1412.232	n/a	NonTarget	1	353058
1412.448	n/a	Target	2	353112
1412.664	n/a	NonTarget	1	353166
1412.88	n/a	NonTarget	1	353220
1413.1	n/a	NonTarget	1	353275
1413.316	n/a	NonTarget	1	353329
1413.532	n/a	NonTarget	1	353383
1413.748	n/a	NonTarget	1	353437
1413.964	n/a	Target	2	353491
1414.18	n/a	NonTarget	1	353545
1414.396	n/a	NonTarget	1	353599
1414.616	n/a	NonTarget	1	353654
1414.832	n/a	Target	2	353708
1415.048	n/a	NonTarget	1	353762
1415.264	n/a	NonTarget	1	353816
1415.48	n/a	NonTarget	1	353870
1415.696	n/a	NonTarget	1	353924
1415.912	n/a	NonTarget	1	353978
1416.132	n/a	Target	2	354033
1416.348	n/a	NonTarget	1	354087
1416.564	n/a	NonTarget	1	354141
1416.78	n/a	NonTarget	1	354195
1416.996	n/a	NonTarget	1	354249
1417.212	n/a	NonTarget	1	354303
1417.448	n/a	Target	2	354362
1417.664	n/a	NonTarget	1	354416
1417.896	n/a	NonTarget	1	354474
1418.112	n/a	NonTarget	1	354528
1418.328	n/a	NonTarget	1	354582
1418.548	n/a	NonTarget	1	354637
1418.764	n/a	NonTarget	1	354691
1418.98	n/a	NonTarget	1	354745
1419.196	n/a	NonTarget	1	354799
1419.412	n/a	Target	2	354853
1419.628	n/a	NonTarget	1	354907
1419.844	n/a	NonTarget	1	354961
1425.064	n/a	NonTarget	1	356266
1425.276	n/a	NonTarget	1	356319
1425.492	n/a	NonTarget	1	356373
1425.708	n/a	NonTarget	1	356427
1425.928	n/a	Target	2	356482
1426.144	n/a	NonTarget	1	356536
1426.36	n/a	NonTarget	1	356590
1426.576	n/a	NonTarget	1	356644
1426.792	n/a	Target	2	356698
1427.008	n/a	NonTarget	1	356752
1427.228	n/a	NonTarget	1	356807
1427.444	n/a	NonTarget	1	356861
1427.66	n/a	Target	2	356915
1427.876	n/a	NonTarget	1	356969
1428.092	n/a	NonTarget	1	357023
1428.308	n/a	NonTarget	1	357077
1428.524	n/a	NonTarget	1	357131
1428.744	n/a	NonTarget	1	357186
1428.96	n/a	NonTarget	1	357240
1429.176	n/a	Target	2	357294
1429.392	n/a	NonTarget	1	357348
1429.608	n/a	NonTarget	1	357402
1429.824	n/a	NonTarget	1	357456
1430.04	n/a	NonTarget	1	357510
1430.26	n/a	Target	2	357565
1430.492	n/a	NonTarget	1	357623
1430.708	n/a	NonTarget	1	357677
1430.924	n/a	NonTarget	1	357731
1431.14	n/a	NonTarget	1	357785
1431.356	n/a	NonTarget	1	357839
1431.576	n/a	NonTarget	1	357894
1431.792	n/a	NonTarget	1	357948
1432.008	n/a	NonTarget	1	358002
1432.224	n/a	NonTarget	1	358056
1432.44	n/a	NonTarget	1	358110
1432.656	n/a	Target	2	358164
1432.872	n/a	NonTarget	1	358218
1433.092	n/a	NonTarget	1	358273
1433.308	n/a	NonTarget	1	358327
1433.524	n/a	Target	2	358381
1433.74	n/a	NonTarget	1	358435
1433.956	n/a	NonTarget	1	358489
1434.172	n/a	NonTarget	1	358543
1434.408	n/a	NonTarget	1	358602
1434.624	n/a	NonTarget	1	358656
1434.84	n/a	Target	2	358710
1435.056	n/a	NonTarget	1	358764
1435.272	n/a	NonTarget	1	358818
1435.488	n/a	NonTarget	1	358872
1435.704	n/a	Target	2	358926
1435.924	n/a	NonTarget	1	358981
1436.14	n/a	NonTarget	1	359035
1436.356	n/a	NonTarget	1	359089
1436.572	n/a	NonTarget	1	359143
1436.788	n/a	NonTarget	1	359197
1437.004	n/a	NonTarget	1	359251
1437.224	n/a	NonTarget	1	359306
1437.44	n/a	NonTarget	1	359360
1437.656	n/a	NonTarget	1	359414
1437.872	n/a	Target	2	359468
1451.368	n/a	NonTarget	1	362842
1451.584	n/a	NonTarget	1	362896
1451.8	n/a	NonTarget	1	362950
1452.016	n/a	NonTarget	1	363004
1452.232	n/a	NonTarget	1	363058
1452.448	n/a	Target	2	363112
1452.668	n/a	NonTarget	1	363167
1452.884	n/a	NonTarget	1	363221
1453.1	n/a	NonTarget	1	363275
1453.316	n/a	Target	2	363329
1453.532	n/a	NonTarget	1	363383
1453.748	n/a	NonTarget	1	363437
1453.964	n/a	NonTarget	1	363491
1454.184	n/a	Target	2	363546
1454.416	n/a	NonTarget	1	363604
1454.632	n/a	NonTarget	1	363658
1454.848	n/a	NonTarget	1	363712
1455.064	n/a	NonTarget	1	363766
1455.284	n/a	NonTarget	1	363821
1455.5	n/a	NonTarget	1	363875
1455.716	n/a	NonTarget	1	363929
1455.932	n/a	NonTarget	1	363983
1456.148	n/a	NonTarget	1	364037
1456.364	n/a	Target	2	364091
1456.58	n/a	NonTarget	1	364145
1456.8	n/a	NonTarget	1	364200
1457.016	n/a	NonTarget	1	364254
1457.232	n/a	NonTarget	1	364308
1457.448	n/a	NonTarget	1	364362
1457.664	n/a	Target	2	364416
1457.88	n/a	NonTarget	1	364470
1458.1	n/a	NonTarget	1	364525
1458.316	n/a	NonTarget	1	364579
1458.532	n/a	NonTarget	1	364633
1458.748	n/a	Target	2	364687
1458.964	n/a	NonTarget	1	364741
1459.18	n/a	NonTarget	1	364795
1459.396	n/a	NonTarget	1	364849
1459.612	n/a	Target	2	364903
1459.848	n/a	NonTarget	1	364962
1460.064	n/a	NonTarget	1	365016
1460.28	n/a	NonTarget	1	365070
1460.496	n/a	NonTarget	1	365124
1460.712	n/a	Target	2	365178
1460.932	n/a	NonTarget	1	365233
1461.148	n/a	NonTarget	1	365287
1461.364	n/a	NonTarget	1	365341
1461.58	n/a	NonTarget	1	365395
1461.796	n/a	NonTarget	1	365449
1462.012	n/a	NonTarget	1	365503
1462.228	n/a	NonTarget	1	365557
1462.448	n/a	Target	2	365612
1462.664	n/a	NonTarget	1	365666
1462.88	n/a	NonTarget	1	365720
1463.096	n/a	Target	2	365774
1463.312	n/a	NonTarget	1	365828
1463.528	n/a	NonTarget	1	365882
1463.744	n/a	NonTarget	1	365936
1463.964	n/a	NonTarget	1	365991
1464.18	n/a	NonTarget	1	366045
1469.396	n/a	NonTarget	1	367349
1469.612	n/a	NonTarget	1	367403
1469.828	n/a	NonTarget	1	367457
1470.044	n/a	NonTarget	1	367511
1470.26	n/a	Target	2	367565
1470.476	n/a	NonTarget	1	367619
1470.692	n/a	NonTarget	1	367673
1470.908	n/a	NonTarget	1	367727
1471.128	n/a	Target	2	367782
1471.344	n/a	NonTarget	1	367836
1471.56	n/a	NonTarget	1	367890
1471.776	n/a	NonTarget	1	367944
1471.992	n/a	Target	2	367998
1472.208	n/a	NonTarget	1	368052
1472.424	n/a	NonTarget	1	368106
1472.644	n/a	NonTarget	1	368161
1472.86	n/a	NonTarget	1	368215
1473.076	n/a	NonTarget	1	368269
1473.292	n/a	NonTarget	1	368323
1473.508	n/a	Target	2	368377
1473.724	n/a	NonTarget	1	368431
1473.94	n/a	NonTarget	1	368485
1474.156	n/a	NonTarget	1	368539
1474.376	n/a	NonTarget	1	368594
1474.592	n/a	Target	2	368648
1474.808	n/a	NonTarget	1	368702
1475.024	n/a	NonTarget	1	368756
1475.24	n/a	NonTarget	1	368810
1475.456	n/a	NonTarget	1	368864
1475.672	n/a	NonTarget	1	368918
1475.892	n/a	NonTarget	1	368973
1476.108	n/a	NonTarget	1	369027
1476.324	n/a	NonTarget	1	369081
1476.54	n/a	NonTarget	1	369135
1476.756	n/a	NonTarget	1	369189
1476.972	n/a	Target	2	369243
1477.192	n/a	NonTarget	1	369298
1477.408	n/a	NonTarget	1	369352
1477.624	n/a	NonTarget	1	369406
1477.84	n/a	Target	2	369460
1478.056	n/a	NonTarget	1	369514
1478.272	n/a	NonTarget	1	369568
1478.488	n/a	NonTarget	1	369622
1478.708	n/a	NonTarget	1	369677
1478.924	n/a	NonTarget	1	369731
1479.14	n/a	Target	2	369785
1479.356	n/a	NonTarget	1	369839
1479.572	n/a	NonTarget	1	369893
1479.788	n/a	NonTarget	1	369947
1480.004	n/a	Target	2	370001
1480.224	n/a	NonTarget	1	370056
1480.44	n/a	NonTarget	1	370110
1480.656	n/a	NonTarget	1	370164
1480.872	n/a	NonTarget	1	370218
1481.088	n/a	NonTarget	1	370272
1481.304	n/a	NonTarget	1	370326
1481.54	n/a	NonTarget	1	370385
1481.756	n/a	NonTarget	1	370439
1481.972	n/a	NonTarget	1	370493
1482.188	n/a	Target	2	370547
1495.684	n/a	NonTarget	1	373921
1495.9	n/a	NonTarget	1	373975
1496.116	n/a	NonTarget	1	374029
1496.332	n/a	Target	2	374083
1496.552	n/a	NonTarget	1	374138
1496.768	n/a	NonTarget	1	374192
1496.984	n/a	NonTarget	1	374246
1497.2	n/a	NonTarget	1	374300
1497.416	n/a	NonTarget	1	374354
1497.648	n/a	NonTarget	1	374412
1497.868	n/a	NonTarget	1	374467
1498.1	n/a	Target	2	374525
1498.332	n/a	NonTarget	1	374583
1498.548	n/a	NonTarget	1	374637
1498.764	n/a	NonTarget	1	374691
1498.98	n/a	NonTarget	1	374745
1499.2	n/a	NonTarget	1	374800
1499.416	n/a	Target	2	374854
1499.632	n/a	NonTarget	1	374908
1499.864	n/a	NonTarget	1	374966
1500.1	n/a	Target	2	375025
1500.316	n/a	NonTarget	1	375079
1500.532	n/a	NonTarget	1	375133
1500.748	n/a	NonTarget	1	375187
1500.964	n/a	NonTarget	1	375241
1501.18	n/a	NonTarget	1	375295
1501.4	n/a	NonTarget	1	375350
1501.616	n/a	NonTarget	1	375404
1501.832	n/a	Target	2	375458
1502.048	n/a	NonTarget	1	375512
1502.264	n/a	NonTarget	1	375566
1502.496	n/a	Target	2	375624
1502.716	n/a	NonTarget	1	375679
1502.932	n/a	NonTarget	1	375733
1503.148	n/a	NonTarget	1	375787
1503.364	n/a	NonTarget	1	375841
1503.58	n/a	NonTarget	1	375895
1503.796	n/a	NonTarget	1	375949
1504.012	n/a	NonTarget	1	376003
1504.232	n/a	NonTarget	1	376058
1504.448	n/a	Target	2	376112
1504.664	n/a	NonTarget	1	376166
1504.88	n/a	NonTarget	1	376220
1505.096	n/a	NonTarget	1	376274
1505.312	n/a	NonTarget	1	376328
1505.528	n/a	NonTarget	1	376382
1505.748	n/a	Target	2	376437
1505.964	n/a	NonTarget	1	376491
1506.18	n/a	NonTarget	1	376545
1506.396	n/a	NonTarget	1	376599
1506.612	n/a	NonTarget	1	376653
1506.828	n/a	NonTarget	1	376707
1507.044	n/a	Target	2	376761
1507.264	n/a	NonTarget	1	376816
1507.48	n/a	NonTarget	1	376870
1507.696	n/a	NonTarget	1	376924
1507.912	n/a	Target	2	376978
1508.128	n/a	NonTarget	1	377032
1508.344	n/a	NonTarget	1	377086
1508.56	n/a	NonTarget	1	377140
1513.78	n/a	NonTarget	1	378445
1513.992	n/a	NonTarget	1	378498
1514.208	n/a	Target	2	378552
1514.428	n/a	NonTarget	1	378607
1514.644	n/a	NonTarget	1	378661
1514.86	n/a	NonTarget	1	378715
1515.076	n/a	NonTarget	1	378769
1515.292	n/a	Target	2	378823
1515.508	n/a	NonTarget	1	378877
1515.724	n/a	NonTarget	1	378931
1515.944	n/a	NonTarget	1	378986
1516.16	n/a	NonTarget	1	379040
1516.376	n/a	NonTarget	1	379094
1516.592	n/a	NonTarget	1	379148
1516.808	n/a	NonTarget	1	379202
1517.024	n/a	Target	2	379256
1517.244	n/a	NonTarget	1	379311
1517.46	n/a	NonTarget	1	379365
1517.676	n/a	NonTarget	1	379419
1517.892	n/a	NonTarget	1	379473
1518.108	n/a	NonTarget	1	379527
1518.324	n/a	Target	2	379581
1518.54	n/a	NonTarget	1	379635
1518.76	n/a	NonTarget	1	379690
1518.976	n/a	NonTarget	1	379744
1519.192	n/a	Target	2	379798
1519.408	n/a	NonTarget	1	379852
1519.624	n/a	NonTarget	1	379906
1519.84	n/a	NonTarget	1	379960
1520.056	n/a	NonTarget	1	380014
1520.272	n/a	NonTarget	1	380068
1520.492	n/a	NonTarget	1	380123
1520.708	n/a	Target	2	380177
1520.924	n/a	NonTarget	1	380231
1521.14	n/a	NonTarget	1	380285
1521.356	n/a	NonTarget	1	380339
1521.572	n/a	Target	2	380393
1521.788	n/a	NonTarget	1	380447
1522.008	n/a	NonTarget	1	380502
1522.224	n/a	NonTarget	1	380556
1522.44	n/a	NonTarget	1	380610
1522.656	n/a	NonTarget	1	380664
1522.872	n/a	Target	2	380718
1523.088	n/a	NonTarget	1	380772
1523.308	n/a	NonTarget	1	380827
1523.524	n/a	NonTarget	1	380881
1523.74	n/a	NonTarget	1	380935
1523.956	n/a	NonTarget	1	380989
1524.172	n/a	Target	2	381043
1524.388	n/a	NonTarget	1	381097
1524.604	n/a	NonTarget	1	381151
1524.824	n/a	NonTarget	1	381206
1525.04	n/a	NonTarget	1	381260
1525.256	n/a	NonTarget	1	381314
1525.472	n/a	NonTarget	1	381368
1525.688	n/a	NonTarget	1	381422
1525.904	n/a	NonTarget	1	381476
1526.12	n/a	Target	2	381530
1526.34	n/a	NonTarget	1	381585
1526.556	n/a	NonTarget	1	381639
1540.052	n/a	NonTarget	1	385013
1540.268	n/a	NonTarget	1	385067
1540.484	n/a	NonTarget	1	385121
1540.7	n/a	NonTarget	1	385175
1540.916	n/a	Target	2	385229
1541.132	n/a	NonTarget	1	385283
1541.348	n/a	NonTarget	1	385337
1541.568	n/a	NonTarget	1	385392
1541.784	n/a	Target	2	385446
1542.0	n/a	NonTarget	1	385500
1542.216	n/a	NonTarget	1	385554
1542.432	n/a	NonTarget	1	385608
1542.648	n/a	Target	2	385662
1542.864	n/a	NonTarget	1	385716
1543.084	n/a	NonTarget	1	385771
1543.3	n/a	NonTarget	1	385825
1543.516	n/a	NonTarget	1	385879
1543.732	n/a	NonTarget	1	385933
1543.948	n/a	NonTarget	1	385987
1544.164	n/a	Target	2	386041
1544.38	n/a	NonTarget	1	386095
1544.6	n/a	NonTarget	1	386150
1544.816	n/a	NonTarget	1	386204
1545.032	n/a	NonTarget	1	386258
1545.248	n/a	Target	2	386312
1545.464	n/a	NonTarget	1	386366
1545.68	n/a	NonTarget	1	386420
1545.9	n/a	NonTarget	1	386475
1546.116	n/a	NonTarget	1	386529
1546.332	n/a	NonTarget	1	386583
1546.548	n/a	NonTarget	1	386637
1546.764	n/a	NonTarget	1	386691
1546.98	n/a	NonTarget	1	386745
1547.196	n/a	NonTarget	1	386799
1547.416	n/a	NonTarget	1	386854
1547.632	n/a	Target	2	386908
1547.848	n/a	NonTarget	1	386962
1548.064	n/a	NonTarget	1	387016
1548.28	n/a	NonTarget	1	387070
1548.496	n/a	Target	2	387124
1548.712	n/a	NonTarget	1	387178
1548.928	n/a	NonTarget	1	387232
1549.148	n/a	NonTarget	1	387287
1549.364	n/a	NonTarget	1	387341
1549.58	n/a	NonTarget	1	387395
1549.812	n/a	Target	2	387453
1550.028	n/a	NonTarget	1	387507
1550.244	n/a	NonTarget	1	387561
1550.464	n/a	NonTarget	1	387616
1550.68	n/a	Target	2	387670
1550.896	n/a	NonTarget	1	387724
1551.112	n/a	NonTarget	1	387778
1551.328	n/a	NonTarget	1	387832
1551.544	n/a	NonTarget	1	387886
1551.764	n/a	NonTarget	1	387941
1551.98	n/a	NonTarget	1	387995
1552.196	n/a	NonTarget	1	388049
1552.412	n/a	NonTarget	1	388103
1552.628	n/a	NonTarget	1	388157
1552.844	n/a	Target	2	388211
1558.08	n/a	NonTarget	1	389520
1558.292	n/a	Target	2	389573
1558.508	n/a	NonTarget	1	389627
1558.724	n/a	NonTarget	1	389681
1558.944	n/a	NonTarget	1	389736
1559.16	n/a	NonTarget	1	389790
1559.376	n/a	NonTarget	1	389844
1559.592	n/a	NonTarget	1	389898
1559.808	n/a	NonTarget	1	389952
1560.024	n/a	NonTarget	1	390006
1560.244	n/a	Target	2	390061
1560.46	n/a	NonTarget	1	390115
1560.676	n/a	NonTarget	1	390169
1560.892	n/a	NonTarget	1	390223
1561.108	n/a	Target	2	390277
1561.324	n/a	NonTarget	1	390331
1561.54	n/a	NonTarget	1	390385
1561.776	n/a	NonTarget	1	390444
1561.992	n/a	Target	2	390498
1562.208	n/a	NonTarget	1	390552
1562.424	n/a	NonTarget	1	390606
1562.64	n/a	NonTarget	1	390660
1562.856	n/a	NonTarget	1	390714
1563.076	n/a	NonTarget	1	390769
1563.292	n/a	NonTarget	1	390823
1563.508	n/a	NonTarget	1	390877
1563.724	n/a	NonTarget	1	390931
1563.94	n/a	Target	2	390985
1564.156	n/a	NonTarget	1	391039
1564.376	n/a	NonTarget	1	391094
1564.592	n/a	Target	2	391148
1564.808	n/a	NonTarget	1	391202
1565.024	n/a	NonTarget	1	391256
1565.24	n/a	NonTarget	1	391310
1565.456	n/a	NonTarget	1	391364
1565.672	n/a	NonTarget	1	391418
1565.892	n/a	NonTarget	1	391473
1566.108	n/a	Target	2	391527
1566.324	n/a	NonTarget	1	391581
1566.54	n/a	NonTarget	1	391635
1566.756	n/a	NonTarget	1	391689
1566.972	n/a	NonTarget	1	391743
1567.188	n/a	NonTarget	1	391797
1567.408	n/a	NonTarget	1	391852
1567.624	n/a	NonTarget	1	391906
1567.84	n/a	NonTarget	1	391960
1568.056	n/a	NonTarget	1	392014
1568.272	n/a	Target	2	392068
1568.488	n/a	NonTarget	1	392122
1568.704	n/a	NonTarget	1	392176
1568.924	n/a	NonTarget	1	392231
1569.14	n/a	NonTarget	1	392285
1569.356	n/a	NonTarget	1	392339
1569.572	n/a	Target	2	392393
1569.788	n/a	NonTarget	1	392447
1570.004	n/a	NonTarget	1	392501
1570.22	n/a	NonTarget	1	392555
1570.44	n/a	NonTarget	1	392610
1570.656	n/a	Target	2	392664
1570.872	n/a	NonTarget	1	392718
1584.368	n/a	Target	2	396092
1584.584	n/a	NonTarget	1	396146
1584.8	n/a	NonTarget	1	396200
1585.016	n/a	NonTarget	1	396254
1585.232	n/a	NonTarget	1	396308
1585.448	n/a	NonTarget	1	396362
1585.684	n/a	Target	2	396421
1585.9	n/a	NonTarget	1	396475
1586.116	n/a	NonTarget	1	396529
1586.332	n/a	NonTarget	1	396583
1586.548	n/a	NonTarget	1	396637
1586.764	n/a	NonTarget	1	396691
1586.984	n/a	NonTarget	1	396746
1587.216	n/a	NonTarget	1	396804
1587.432	n/a	NonTarget	1	396858
1587.648	n/a	NonTarget	1	396912
1587.864	n/a	Target	2	396966
1588.08	n/a	NonTarget	1	397020
1588.3	n/a	NonTarget	1	397075
1588.516	n/a	NonTarget	1	397129
1588.732	n/a	NonTarget	1	397183
1588.948	n/a	NonTarget	1	397237
1589.164	n/a	Target	2	397291
1589.38	n/a	NonTarget	1	397345
1589.6	n/a	NonTarget	1	397400
1589.816	n/a	NonTarget	1	397454
1590.032	n/a	Target	2	397508
1590.248	n/a	NonTarget	1	397562
1590.464	n/a	NonTarget	1	397616
1590.68	n/a	NonTarget	1	397670
1590.896	n/a	NonTarget	1	397724
1591.112	n/a	NonTarget	1	397778
1591.332	n/a	NonTarget	1	397833
1591.564	n/a	Target	2	397891
1591.78	n/a	NonTarget	1	397945
1592.016	n/a	NonTarget	1	398004
1592.232	n/a	NonTarget	1	398058
1592.448	n/a	NonTarget	1	398112
1592.664	n/a	NonTarget	1	398166
1592.88	n/a	NonTarget	1	398220
1593.096	n/a	NonTarget	1	398274
1593.312	n/a	Target	2	398328
1593.532	n/a	NonTarget	1	398383
1593.748	n/a	NonTarget	1	398437
1593.964	n/a	Target	2	398491
1594.18	n/a	NonTarget	1	398545
1594.396	n/a	NonTarget	1	398599
1594.612	n/a	NonTarget	1	398653
1594.828	n/a	NonTarget	1	398707
1595.044	n/a	NonTarget	1	398761
1595.264	n/a	Target	2	398816
1595.48	n/a	NonTarget	1	398870
1595.696	n/a	NonTarget	1	398924
1595.912	n/a	NonTarget	1	398978
1596.128	n/a	NonTarget	1	399032
1596.344	n/a	Target	2	399086
1596.56	n/a	NonTarget	1	399140
1596.78	n/a	NonTarget	1	399195
1596.996	n/a	NonTarget	1	399249
1597.212	n/a	NonTarget	1	399303
1602.428	n/a	Target	2	400607
1602.644	n/a	NonTarget	1	400661
1602.86	n/a	NonTarget	1	400715
1603.076	n/a	NonTarget	1	400769
1603.292	n/a	NonTarget	1	400823
1603.508	n/a	NonTarget	1	400877
1603.724	n/a	Target	2	400931
1603.944	n/a	NonTarget	1	400986
1604.16	n/a	NonTarget	1	401040
1604.376	n/a	NonTarget	1	401094
1604.592	n/a	NonTarget	1	401148
1604.808	n/a	NonTarget	1	401202
1605.024	n/a	NonTarget	1	401256
1605.24	n/a	NonTarget	1	401310
1605.46	n/a	NonTarget	1	401365
1605.676	n/a	NonTarget	1	401419
1605.892	n/a	Target	2	401473
1606.108	n/a	NonTarget	1	401527
1606.324	n/a	NonTarget	1	401581
1606.54	n/a	NonTarget	1	401635
1606.76	n/a	NonTarget	1	401690
1606.976	n/a	NonTarget	1	401744
1607.192	n/a	Target	2	401798
1607.408	n/a	NonTarget	1	401852
1607.624	n/a	NonTarget	1	401906
1607.856	n/a	NonTarget	1	401964
1608.076	n/a	Target	2	402019
1608.292	n/a	NonTarget	1	402073
1608.508	n/a	NonTarget	1	402127
1608.724	n/a	NonTarget	1	402181
1608.94	n/a	NonTarget	1	402235
1609.156	n/a	NonTarget	1	402289
1609.372	n/a	NonTarget	1	402343
1609.588	n/a	Target	2	402397
1609.808	n/a	NonTarget	1	402452
1610.024	n/a	NonTarget	1	402506
1610.24	n/a	NonTarget	1	402560
1610.456	n/a	NonTarget	1	402614
1610.672	n/a	NonTarget	1	402668
1610.888	n/a	NonTarget	1	402722
1611.104	n/a	NonTarget	1	402776
1611.324	n/a	Target	2	402831
1611.54	n/a	NonTarget	1	402885
1611.756	n/a	NonTarget	1	402939
1611.972	n/a	Target	2	402993
1612.188	n/a	NonTarget	1	403047
1612.404	n/a	NonTarget	1	403101
1612.624	n/a	NonTarget	1	403156
1612.84	n/a	NonTarget	1	403210
1613.056	n/a	NonTarget	1	403264
1613.272	n/a	Target	2	403318
1613.488	n/a	NonTarget	1	403372
1613.704	n/a	NonTarget	1	403426
1613.92	n/a	NonTarget	1	403480
1614.14	n/a	NonTarget	1	403535
1614.356	n/a	Target	2	403589
1614.572	n/a	NonTarget	1	403643
1614.788	n/a	NonTarget	1	403697
1615.004	n/a	NonTarget	1	403751
1615.22	n/a	NonTarget	1	403805
1628.72	n/a	NonTarget	1	407180
1628.932	n/a	NonTarget	1	407233
1629.148	n/a	NonTarget	1	407287
1629.368	n/a	NonTarget	1	407342
1629.584	n/a	NonTarget	1	407396
1629.8	n/a	Target	2	407450
1630.016	n/a	NonTarget	1	407504
1630.232	n/a	NonTarget	1	407558
1630.448	n/a	NonTarget	1	407612
1630.684	n/a	Target	2	407671
1630.9	n/a	NonTarget	1	407725
1631.116	n/a	NonTarget	1	407779
1631.332	n/a	NonTarget	1	407833
1631.548	n/a	Target	2	407887
1631.764	n/a	NonTarget	1	407941
1631.98	n/a	NonTarget	1	407995
1632.2	n/a	NonTarget	1	408050
1632.416	n/a	NonTarget	1	408104
1632.632	n/a	NonTarget	1	408158
1632.848	n/a	NonTarget	1	408212
1633.064	n/a	NonTarget	1	408266
1633.28	n/a	NonTarget	1	408320
1633.5	n/a	NonTarget	1	408375
1633.716	n/a	Target	2	408429
1633.932	n/a	NonTarget	1	408483
1634.148	n/a	NonTarget	1	408537
1634.38	n/a	NonTarget	1	408595
1634.596	n/a	NonTarget	1	408649
1634.812	n/a	NonTarget	1	408703
1635.032	n/a	Target	2	408758
1635.248	n/a	NonTarget	1	408812
1635.464	n/a	NonTarget	1	408866
1635.68	n/a	NonTarget	1	408920
1635.896	n/a	NonTarget	1	408974
1636.112	n/a	Target	2	409028
1636.332	n/a	NonTarget	1	409083
1636.548	n/a	NonTarget	1	409137
1636.764	n/a	NonTarget	1	409191
1636.98	n/a	Target	2	409245
1637.196	n/a	NonTarget	1	409299
1637.412	n/a	NonTarget	1	409353
1637.628	n/a	NonTarget	1	409407
1637.844	n/a	NonTarget	1	409461
1638.064	n/a	Target	2	409516
1638.28	n/a	NonTarget	1	409570
1638.496	n/a	NonTarget	1	409624
1638.712	n/a	NonTarget	1	409678
1638.928	n/a	NonTarget	1	409732
1639.148	n/a	NonTarget	1	409787
1639.364	n/a	NonTarget	1	409841
1639.58	n/a	NonTarget	1	409895
1639.812	n/a	Target	2	409953
1640.028	n/a	NonTarget	1	410007
1640.244	n/a	NonTarget	1	410061
1640.46	n/a	Target	2	410115
1640.68	n/a	NonTarget	1	410170
1640.896	n/a	NonTarget	1	410224
1641.112	n/a	NonTarget	1	410278
1641.328	n/a	NonTarget	1	410332
1641.544	n/a	NonTarget	1	410386
1646.764	n/a	NonTarget	1	411691
1646.976	n/a	NonTarget	1	411744
1647.192	n/a	Target	2	411798
1647.408	n/a	NonTarget	1	411852
1647.628	n/a	NonTarget	1	411907
1647.84	n/a	NonTarget	1	411960
1648.06	n/a	NonTarget	1	412015
1648.276	n/a	Target	2	412069
1648.492	n/a	NonTarget	1	412123
1648.708	n/a	NonTarget	1	412177
1648.924	n/a	NonTarget	1	412231
1649.14	n/a	NonTarget	1	412285
1649.36	n/a	NonTarget	1	412340
1649.576	n/a	NonTarget	1	412394
1649.792	n/a	NonTarget	1	412448
1650.008	n/a	Target	2	412502
1650.224	n/a	NonTarget	1	412556
1650.44	n/a	NonTarget	1	412610
1650.66	n/a	NonTarget	1	412665
1650.876	n/a	NonTarget	1	412719
1651.092	n/a	NonTarget	1	412773
1651.308	n/a	Target	2	412827
1651.524	n/a	NonTarget	1	412881
1651.74	n/a	NonTarget	1	412935
1651.956	n/a	NonTarget	1	412989
1652.176	n/a	Target	2	413044
1652.392	n/a	NonTarget	1	413098
1652.608	n/a	NonTarget	1	413152
1652.824	n/a	NonTarget	1	413206
1653.04	n/a	NonTarget	1	413260
1653.256	n/a	NonTarget	1	413314
1653.472	n/a	NonTarget	1	413368
1653.692	n/a	Target	2	413423
1653.908	n/a	NonTarget	1	413477
1654.124	n/a	NonTarget	1	413531
1654.34	n/a	NonTarget	1	413585
1654.556	n/a	Target	2	413639
1654.772	n/a	NonTarget	1	413693
1654.992	n/a	NonTarget	1	413748
1655.208	n/a	NonTarget	1	413802
1655.424	n/a	NonTarget	1	413856
1655.64	n/a	NonTarget	1	413910
1655.856	n/a	Target	2	413964
1656.072	n/a	NonTarget	1	414018
1656.288	n/a	NonTarget	1	414072
1656.504	n/a	NonTarget	1	414126
1656.724	n/a	NonTarget	1	414181
1656.94	n/a	NonTarget	1	414235
1657.156	n/a	Target	2	414289
1657.372	n/a	NonTarget	1	414343
1657.588	n/a	NonTarget	1	414397
1657.804	n/a	NonTarget	1	414451
1658.024	n/a	NonTarget	1	414506
1658.24	n/a	NonTarget	1	414560
1658.456	n/a	NonTarget	1	414614
1658.672	n/a	NonTarget	1	414668
1658.888	n/a	NonTarget	1	414722
1659.104	n/a	Target	2	414776
1659.32	n/a	NonTarget	1	414830
1659.54	n/a	NonTarget	1	414885
1673.036	n/a	NonTarget	1	418259
1673.248	n/a	NonTarget	1	418312
1673.464	n/a	NonTarget	1	418366
1673.684	n/a	NonTarget	1	418421
1673.9	n/a	NonTarget	1	418475
1674.116	n/a	Target	2	418529
1674.332	n/a	NonTarget	1	418583
1674.548	n/a	NonTarget	1	418637
1674.764	n/a	NonTarget	1	418691
1674.984	n/a	Target	2	418746
1675.2	n/a	NonTarget	1	418800
1675.416	n/a	NonTarget	1	418854
1675.632	n/a	NonTarget	1	418908
1675.848	n/a	Target	2	418962
1676.064	n/a	NonTarget	1	419016
1676.28	n/a	NonTarget	1	419070
1676.5	n/a	NonTarget	1	419125
1676.716	n/a	NonTarget	1	419179
1676.932	n/a	NonTarget	1	419233
1677.148	n/a	NonTarget	1	419287
1677.364	n/a	NonTarget	1	419341
1677.58	n/a	NonTarget	1	419395
1677.8	n/a	NonTarget	1	419450
1678.016	n/a	Target	2	419504
1678.232	n/a	NonTarget	1	419558
1678.448	n/a	NonTarget	1	419612
1678.664	n/a	NonTarget	1	419666
1678.88	n/a	NonTarget	1	419720
1679.096	n/a	NonTarget	1	419774
1679.316	n/a	Target	2	419829
1679.532	n/a	NonTarget	1	419883
1679.748	n/a	NonTarget	1	419937
1679.964	n/a	NonTarget	1	419991
1680.18	n/a	NonTarget	1	420045
1680.412	n/a	Target	2	420103
1680.628	n/a	NonTarget	1	420157
1680.848	n/a	NonTarget	1	420212
1681.064	n/a	NonTarget	1	420266
1681.296	n/a	Target	2	420324
1681.512	n/a	NonTarget	1	420378
1681.728	n/a	NonTarget	1	420432
1681.948	n/a	NonTarget	1	420487
1682.164	n/a	NonTarget	1	420541
1682.38	n/a	Target	2	420595
1682.612	n/a	NonTarget	1	420653
1682.828	n/a	NonTarget	1	420707
1683.044	n/a	NonTarget	1	420761
1683.264	n/a	NonTarget	1	420816
1683.48	n/a	NonTarget	1	420870
1683.696	n/a	NonTarget	1	420924
1683.912	n/a	NonTarget	1	420978
1684.128	n/a	Target	2	421032
1684.344	n/a	NonTarget	1	421086
1684.564	n/a	NonTarget	1	421141
1684.78	n/a	Target	2	421195
1684.996	n/a	NonTarget	1	421249
1685.212	n/a	NonTarget	1	421303
1685.428	n/a	NonTarget	1	421357
1685.644	n/a	NonTarget	1	421411
1685.86	n/a	NonTarget	1	421465
1691.08	n/a	Target	2	422770
1691.292	n/a	NonTarget	1	422823
1691.508	n/a	NonTarget	1	422877
1691.724	n/a	NonTarget	1	422931
1691.944	n/a	NonTarget	1	422986
1692.16	n/a	NonTarget	1	423040
1692.376	n/a	Target	2	423094
1692.592	n/a	NonTarget	1	423148
1692.808	n/a	NonTarget	1	423202
1693.024	n/a	NonTarget	1	423256
1693.24	n/a	NonTarget	1	423310
1693.46	n/a	NonTarget	1	423365
1693.676	n/a	NonTarget	1	423419
1693.892	n/a	NonTarget	1	423473
1694.108	n/a	NonTarget	1	423527
1694.324	n/a	NonTarget	1	423581
1694.54	n/a	Target	2	423635
1694.76	n/a	NonTarget	1	423690
1694.976	n/a	NonTarget	1	423744
1695.192	n/a	NonTarget	1	423798
1695.408	n/a	NonTarget	1	423852
1695.624	n/a	NonTarget	1	423906
1695.84	n/a	Target	2	423960
1696.056	n/a	NonTarget	1	424014
1696.276	n/a	NonTarget	1	424069
1696.492	n/a	NonTarget	1	424123
1696.708	n/a	Target	2	424177
1696.924	n/a	NonTarget	1	424231
1697.14	n/a	NonTarget	1	424285
1697.356	n/a	NonTarget	1	424339
1697.572	n/a	NonTarget	1	424393
1697.792	n/a	NonTarget	1	424448
1698.008	n/a	NonTarget	1	424502
1698.224	n/a	Target	2	424556
1698.44	n/a	NonTarget	1	424610
1698.656	n/a	NonTarget	1	424664
1698.872	n/a	NonTarget	1	424718
1699.088	n/a	NonTarget	1	424772
1699.308	n/a	NonTarget	1	424827
1699.524	n/a	NonTarget	1	424881
1699.74	n/a	NonTarget	1	424935
1699.956	n/a	Target	2	424989
1700.172	n/a	NonTarget	1	425043
1700.388	n/a	NonTarget	1	425097
1700.604	n/a	Target	2	425151
1700.824	n/a	NonTarget	1	425206
1701.04	n/a	NonTarget	1	425260
1701.256	n/a	NonTarget	1	425314
1701.472	n/a	NonTarget	1	425368
1701.688	n/a	NonTarget	1	425422
1701.904	n/a	Target	2	425476
1702.12	n/a	NonTarget	1	425530
1702.34	n/a	NonTarget	1	425585
1702.556	n/a	NonTarget	1	425639
1702.772	n/a	NonTarget	1	425693
1702.988	n/a	Target	2	425747
1703.204	n/a	NonTarget	1	425801
1703.42	n/a	NonTarget	1	425855
1703.656	n/a	NonTarget	1	425914
1703.872	n/a	NonTarget	1	425968
1724.776	n/a	NonTarget	1	431194
1724.988	n/a	NonTarget	1	431247
1725.208	n/a	NonTarget	1	431302
1725.424	n/a	Target	2	431356
1725.64	n/a	NonTarget	1	431410
1725.856	n/a	NonTarget	1	431464
1726.072	n/a	NonTarget	1	431518
1726.288	n/a	NonTarget	1	431572
1726.504	n/a	Target	2	431626
1726.724	n/a	NonTarget	1	431681
1726.94	n/a	NonTarget	1	431735
1727.156	n/a	NonTarget	1	431789
1727.372	n/a	NonTarget	1	431843
1727.588	n/a	NonTarget	1	431897
1727.804	n/a	NonTarget	1	431951
1728.024	n/a	NonTarget	1	432006
1728.24	n/a	Target	2	432060
1728.456	n/a	NonTarget	1	432114
1728.672	n/a	NonTarget	1	432168
1728.888	n/a	NonTarget	1	432222
1729.104	n/a	Target	2	432276
1729.32	n/a	NonTarget	1	432330
1729.536	n/a	NonTarget	1	432384
1729.756	n/a	NonTarget	1	432439
1729.972	n/a	NonTarget	1	432493
1730.188	n/a	NonTarget	1	432547
1730.404	n/a	Target	2	432601
1730.62	n/a	NonTarget	1	432655
1730.836	n/a	NonTarget	1	432709
1731.052	n/a	NonTarget	1	432763
1731.272	n/a	NonTarget	1	432818
1731.488	n/a	NonTarget	1	432872
1731.704	n/a	NonTarget	1	432926
1731.92	n/a	Target	2	432980
1732.136	n/a	NonTarget	1	433034
1732.352	n/a	NonTarget	1	433088
1732.572	n/a	NonTarget	1	433143
1732.788	n/a	NonTarget	1	433197
1733.004	n/a	Target	2	433251
1733.22	n/a	NonTarget	1	433305
1733.436	n/a	NonTarget	1	433359
1733.652	n/a	NonTarget	1	433413
1733.868	n/a	NonTarget	1	433467
1734.084	n/a	Target	2	433521
1734.304	n/a	NonTarget	1	433576
1734.52	n/a	NonTarget	1	433630
1734.736	n/a	NonTarget	1	433684
1734.952	n/a	NonTarget	1	433738
1735.168	n/a	NonTarget	1	433792
1735.384	n/a	NonTarget	1	433846
1735.604	n/a	Target	2	433901
1735.82	n/a	NonTarget	1	433955
1736.036	n/a	NonTarget	1	434009
1736.252	n/a	NonTarget	1	434063
1736.468	n/a	NonTarget	1	434117
1736.684	n/a	NonTarget	1	434171
1736.9	n/a	NonTarget	1	434225
1737.116	n/a	NonTarget	1	434279
1737.336	n/a	NonTarget	1	434334
1737.552	n/a	Target	2	434388
1742.768	n/a	Target	2	435692
1742.984	n/a	NonTarget	1	435746
1743.2	n/a	NonTarget	1	435800
1743.416	n/a	NonTarget	1	435854
1743.632	n/a	NonTarget	1	435908
1743.848	n/a	NonTarget	1	435962
1744.064	n/a	NonTarget	1	436016
1744.284	n/a	NonTarget	1	436071
1744.5	n/a	NonTarget	1	436125
1744.716	n/a	Target	2	436179
1744.932	n/a	NonTarget	1	436233
1745.148	n/a	NonTarget	1	436287
1745.364	n/a	NonTarget	1	436341
1745.58	n/a	NonTarget	1	436395
1745.796	n/a	NonTarget	1	436449
1746.016	n/a	Target	2	436504
1746.232	n/a	NonTarget	1	436558
1746.448	n/a	NonTarget	1	436612
1746.664	n/a	NonTarget	1	436666
1746.88	n/a	Target	2	436720
1747.096	n/a	NonTarget	1	436774
1747.312	n/a	NonTarget	1	436828
1747.532	n/a	NonTarget	1	436883
1747.748	n/a	NonTarget	1	436937
1747.964	n/a	Target	2	436991
1748.18	n/a	NonTarget	1	437045
1748.396	n/a	NonTarget	1	437099
1748.612	n/a	NonTarget	1	437153
1748.832	n/a	NonTarget	1	437208
1749.048	n/a	NonTarget	1	437262
1749.264	n/a	Target	2	437316
1749.48	n/a	NonTarget	1	437370
1749.696	n/a	NonTarget	1	437424
1749.912	n/a	NonTarget	1	437478
1750.132	n/a	NonTarget	1	437533
1750.344	n/a	NonTarget	1	437586
1750.564	n/a	Target	2	437641
1750.78	n/a	NonTarget	1	437695
1750.996	n/a	NonTarget	1	437749
1751.212	n/a	NonTarget	1	437803
1751.428	n/a	NonTarget	1	437857
1751.644	n/a	NonTarget	1	437911
1751.864	n/a	NonTarget	1	437966
1752.08	n/a	NonTarget	1	438020
1752.296	n/a	NonTarget	1	438074
1752.512	n/a	Target	2	438128
1752.728	n/a	NonTarget	1	438182
1752.944	n/a	NonTarget	1	438236
1753.16	n/a	NonTarget	1	438290
1753.38	n/a	NonTarget	1	438345
1753.596	n/a	NonTarget	1	438399
1753.812	n/a	NonTarget	1	438453
1754.028	n/a	NonTarget	1	438507
1754.244	n/a	Target	2	438561
1754.46	n/a	NonTarget	1	438615
1754.676	n/a	NonTarget	1	438669
1754.896	n/a	Target	2	438724
1755.112	n/a	NonTarget	1	438778
1755.328	n/a	NonTarget	1	438832
1755.544	n/a	NonTarget	1	438886
1769.04	n/a	NonTarget	1	442260
1769.256	n/a	NonTarget	1	442314
1769.472	n/a	NonTarget	1	442368
1769.688	n/a	NonTarget	1	442422
1769.904	n/a	Target	2	442476
1770.124	n/a	NonTarget	1	442531
1770.34	n/a	NonTarget	1	442585
1770.556	n/a	NonTarget	1	442639
1770.772	n/a	NonTarget	1	442693
1770.988	n/a	NonTarget	1	442747
1771.204	n/a	Target	2	442801
1771.424	n/a	NonTarget	1	442856
1771.636	n/a	NonTarget	1	442909
1771.856	n/a	Target	2	442964
1772.072	n/a	NonTarget	1	443018
1772.288	n/a	NonTarget	1	443072
1772.504	n/a	NonTarget	1	443126
1772.72	n/a	NonTarget	1	443180
1772.94	n/a	NonTarget	1	443235
1773.156	n/a	NonTarget	1	443289
1773.372	n/a	NonTarget	1	443343
1773.588	n/a	NonTarget	1	443397
1773.804	n/a	NonTarget	1	443451
1774.02	n/a	Target	2	443505
1774.236	n/a	NonTarget	1	443559
1774.452	n/a	NonTarget	1	443613
1774.672	n/a	NonTarget	1	443668
1774.888	n/a	NonTarget	1	443722
1775.104	n/a	NonTarget	1	443776
1775.32	n/a	Target	2	443830
1775.536	n/a	NonTarget	1	443884
1775.752	n/a	NonTarget	1	443938
1775.972	n/a	NonTarget	1	443993
1776.188	n/a	NonTarget	1	444047
1776.404	n/a	NonTarget	1	444101
1776.62	n/a	Target	2	444155
1776.836	n/a	NonTarget	1	444209
1777.052	n/a	NonTarget	1	444263
1777.288	n/a	NonTarget	1	444322
1777.504	n/a	NonTarget	1	444376
1777.72	n/a	Target	2	444430
1777.936	n/a	NonTarget	1	444484
1778.152	n/a	NonTarget	1	444538
1778.368	n/a	NonTarget	1	444592
1778.584	n/a	Target	2	444646
1778.804	n/a	NonTarget	1	444701
1779.02	n/a	NonTarget	1	444755
1779.236	n/a	NonTarget	1	444809
1779.452	n/a	NonTarget	1	444863
1779.668	n/a	Target	2	444917
1779.884	n/a	NonTarget	1	444971
1780.104	n/a	NonTarget	1	445026
1780.32	n/a	NonTarget	1	445080
1780.536	n/a	NonTarget	1	445134
1780.752	n/a	Target	2	445188
1780.968	n/a	NonTarget	1	445242
1781.184	n/a	NonTarget	1	445296
1781.4	n/a	NonTarget	1	445350
1781.616	n/a	NonTarget	1	445404
1781.852	n/a	NonTarget	1	445463
1787.068	n/a	NonTarget	1	446767
1787.284	n/a	NonTarget	1	446821
1787.5	n/a	Target	2	446875
1787.716	n/a	NonTarget	1	446929
1787.932	n/a	NonTarget	1	446983
1788.148	n/a	NonTarget	1	447037
1788.364	n/a	NonTarget	1	447091
1788.58	n/a	Target	2	447145
1788.8	n/a	NonTarget	1	447200
1789.016	n/a	NonTarget	1	447254
1789.232	n/a	NonTarget	1	447308
1789.448	n/a	NonTarget	1	447362
1789.664	n/a	NonTarget	1	447416
1789.88	n/a	NonTarget	1	447470
1790.1	n/a	NonTarget	1	447525
1790.316	n/a	NonTarget	1	447579
1790.532	n/a	NonTarget	1	447633
1790.748	n/a	Target	2	447687
1790.964	n/a	NonTarget	1	447741
1791.18	n/a	NonTarget	1	447795
1791.396	n/a	NonTarget	1	447849
1791.616	n/a	NonTarget	1	447904
1791.832	n/a	Target	2	447958
1792.048	n/a	NonTarget	1	448012
1792.264	n/a	NonTarget	1	448066
1792.48	n/a	NonTarget	1	448120
1792.696	n/a	NonTarget	1	448174
1792.912	n/a	Target	2	448228
1793.132	n/a	NonTarget	1	448283
1793.348	n/a	NonTarget	1	448337
1793.564	n/a	NonTarget	1	448391
1793.78	n/a	NonTarget	1	448445
1793.996	n/a	NonTarget	1	448499
1794.212	n/a	NonTarget	1	448553
1794.428	n/a	Target	2	448607
1794.648	n/a	NonTarget	1	448662
1794.864	n/a	NonTarget	1	448716
1795.08	n/a	Target	2	448770
1795.296	n/a	NonTarget	1	448824
1795.512	n/a	NonTarget	1	448878
1795.728	n/a	NonTarget	1	448932
1795.944	n/a	NonTarget	1	448986
1796.16	n/a	Target	2	449040
1796.38	n/a	NonTarget	1	449095
1796.596	n/a	NonTarget	1	449149
1796.812	n/a	NonTarget	1	449203
1797.028	n/a	NonTarget	1	449257
1797.244	n/a	NonTarget	1	449311
1797.464	n/a	Target	2	449366
1797.68	n/a	NonTarget	1	449420
1797.896	n/a	NonTarget	1	449474
1798.112	n/a	NonTarget	1	449528
1798.328	n/a	NonTarget	1	449582
1798.544	n/a	NonTarget	1	449636
1798.76	n/a	NonTarget	1	449690
1798.98	n/a	Target	2	449745
1799.196	n/a	NonTarget	1	449799
1799.412	n/a	NonTarget	1	449853
1799.628	n/a	NonTarget	1	449907
1799.844	n/a	NonTarget	1	449961
1813.344	n/a	NonTarget	1	453336
1813.556	n/a	NonTarget	1	453389
1813.772	n/a	NonTarget	1	453443
1813.988	n/a	Target	2	453497
1814.204	n/a	NonTarget	1	453551
1814.42	n/a	NonTarget	1	453605
1814.64	n/a	NonTarget	1	453660
1814.856	n/a	NonTarget	1	453714
1815.072	n/a	Target	2	453768
1815.288	n/a	NonTarget	1	453822
1815.504	n/a	NonTarget	1	453876
1815.72	n/a	NonTarget	1	453930
1815.94	n/a	NonTarget	1	453985
1816.156	n/a	NonTarget	1	454039
1816.372	n/a	NonTarget	1	454093
1816.588	n/a	NonTarget	1	454147
1816.804	n/a	Target	2	454201
1817.02	n/a	NonTarget	1	454255
1817.236	n/a	NonTarget	1	454309
1817.456	n/a	NonTarget	1	454364
1817.672	n/a	Target	2	454418
1817.888	n/a	NonTarget	1	454472
1818.104	n/a	NonTarget	1	454526
1818.32	n/a	NonTarget	1	454580
1818.536	n/a	NonTarget	1	454634
1818.756	n/a	NonTarget	1	454689
1818.972	n/a	Target	2	454743
1819.188	n/a	NonTarget	1	454797
1819.404	n/a	NonTarget	1	454851
1819.62	n/a	NonTarget	1	454905
1819.836	n/a	NonTarget	1	454959
1820.052	n/a	NonTarget	1	455013
1820.268	n/a	NonTarget	1	455067
1820.488	n/a	Target	2	455122
1820.704	n/a	NonTarget	1	455176
1820.92	n/a	NonTarget	1	455230
1821.136	n/a	NonTarget	1	455284
1821.352	n/a	NonTarget	1	455338
1821.568	n/a	Target	2	455392
1821.788	n/a	NonTarget	1	455447
1822.004	n/a	NonTarget	1	455501
1822.22	n/a	NonTarget	1	455555
1822.436	n/a	NonTarget	1	455609
1822.652	n/a	Target	2	455663
1822.868	n/a	NonTarget	1	455717
1823.084	n/a	NonTarget	1	455771
1823.3	n/a	NonTarget	1	455825
1823.52	n/a	NonTarget	1	455880
1823.736	n/a	NonTarget	1	455934
1823.952	n/a	NonTarget	1	455988
1824.168	n/a	Target	2	456042
1824.384	n/a	NonTarget	1	456096
1824.6	n/a	NonTarget	1	456150
1824.82	n/a	NonTarget	1	456205
1825.036	n/a	NonTarget	1	456259
1825.252	n/a	NonTarget	1	456313
1825.468	n/a	NonTarget	1	456367
1825.684	n/a	NonTarget	1	456421
1825.9	n/a	NonTarget	1	456475
1826.116	n/a	Target	2	456529
1831.336	n/a	NonTarget	1	457834
1831.548	n/a	NonTarget	1	457887
1831.764	n/a	Target	2	457941
1831.984	n/a	NonTarget	1	457996
1832.2	n/a	NonTarget	1	458050
1832.416	n/a	NonTarget	1	458104
1832.632	n/a	NonTarget	1	458158
1832.848	n/a	Target	2	458212
1833.064	n/a	NonTarget	1	458266
1833.28	n/a	NonTarget	1	458320
1833.5	n/a	NonTarget	1	458375
1833.716	n/a	NonTarget	1	458429
1833.932	n/a	NonTarget	1	458483
1834.148	n/a	NonTarget	1	458537
1834.364	n/a	NonTarget	1	458591
1834.58	n/a	NonTarget	1	458645
1834.796	n/a	NonTarget	1	458699
1835.016	n/a	Target	2	458754
1835.232	n/a	NonTarget	1	458808
1835.448	n/a	NonTarget	1	458862
1835.664	n/a	NonTarget	1	458916
1835.88	n/a	NonTarget	1	458970
1836.096	n/a	Target	2	459024
1836.312	n/a	NonTarget	1	459078
1836.532	n/a	NonTarget	1	459133
1836.748	n/a	NonTarget	1	459187
1836.964	n/a	NonTarget	1	459241
1837.18	n/a	Target	2	459295
1837.396	n/a	NonTarget	1	459349
1837.612	n/a	NonTarget	1	459403
1837.828	n/a	NonTarget	1	459457
1838.048	n/a	NonTarget	1	459512
1838.264	n/a	NonTarget	1	459566
1838.48	n/a	NonTarget	1	459620
1838.696	n/a	Target	2	459674
1838.912	n/a	NonTarget	1	459728
1839.128	n/a	NonTarget	1	459782
1839.348	n/a	Target	2	459837
1839.564	n/a	NonTarget	1	459891
1839.78	n/a	NonTarget	1	459945
1839.996	n/a	NonTarget	1	459999
1840.212	n/a	NonTarget	1	460053
1840.428	n/a	Target	2	460107
1840.644	n/a	NonTarget	1	460161
1840.86	n/a	NonTarget	1	460215
1841.08	n/a	NonTarget	1	460270
1841.296	n/a	NonTarget	1	460324
1841.512	n/a	NonTarget	1	460378
1841.728	n/a	Target	2	460432
1841.944	n/a	NonTarget	1	460486
1842.16	n/a	NonTarget	1	460540
1842.38	n/a	NonTarget	1	460595
1842.596	n/a	NonTarget	1	460649
1842.812	n/a	NonTarget	1	460703
1843.028	n/a	NonTarget	1	460757
1843.244	n/a	Target	2	460811
1843.46	n/a	NonTarget	1	460865
1843.676	n/a	NonTarget	1	460919
1843.896	n/a	NonTarget	1	460974
1844.112	n/a	NonTarget	1	461028
1857.608	n/a	NonTarget	1	464402
1857.824	n/a	Target	2	464456
1858.04	n/a	NonTarget	1	464510
1858.256	n/a	NonTarget	1	464564
1858.472	n/a	NonTarget	1	464618
1858.688	n/a	NonTarget	1	464672
1858.904	n/a	Target	2	464726
1859.12	n/a	NonTarget	1	464780
1859.34	n/a	NonTarget	1	464835
1859.556	n/a	NonTarget	1	464889
1859.772	n/a	NonTarget	1	464943
1859.988	n/a	NonTarget	1	464997
1860.204	n/a	Target	2	465051
1860.42	n/a	NonTarget	1	465105
1860.636	n/a	NonTarget	1	465159
1860.856	n/a	NonTarget	1	465214
1861.072	n/a	NonTarget	1	465268
1861.288	n/a	NonTarget	1	465322
1861.504	n/a	NonTarget	1	465376
1861.72	n/a	NonTarget	1	465430
1861.936	n/a	NonTarget	1	465484
1862.152	n/a	Target	2	465538
1862.372	n/a	NonTarget	1	465593
1862.588	n/a	NonTarget	1	465647
1862.804	n/a	NonTarget	1	465701
1863.02	n/a	NonTarget	1	465755
1863.236	n/a	NonTarget	1	465809
1863.452	n/a	NonTarget	1	465863
1863.668	n/a	Target	2	465917
1863.888	n/a	NonTarget	1	465972
1864.104	n/a	NonTarget	1	466026
1864.32	n/a	Target	2	466080
1864.536	n/a	NonTarget	1	466134
1864.752	n/a	NonTarget	1	466188
1864.968	n/a	NonTarget	1	466242
1865.188	n/a	NonTarget	1	466297
1865.404	n/a	NonTarget	1	466351
1865.62	n/a	NonTarget	1	466405
1865.836	n/a	NonTarget	1	466459
1866.052	n/a	Target	2	466513
1866.268	n/a	NonTarget	1	466567
1866.484	n/a	NonTarget	1	466621
1866.704	n/a	NonTarget	1	466676
1866.936	n/a	NonTarget	1	466734
1867.152	n/a	NonTarget	1	466788
1867.368	n/a	NonTarget	1	466842
1867.584	n/a	NonTarget	1	466896
1867.8	n/a	Target	2	466950
1868.02	n/a	NonTarget	1	467005
1868.236	n/a	NonTarget	1	467059
1868.452	n/a	NonTarget	1	467113
1868.668	n/a	Target	2	467167
1868.884	n/a	NonTarget	1	467221
1869.1	n/a	NonTarget	1	467275
1869.32	n/a	NonTarget	1	467330
1869.536	n/a	NonTarget	1	467384
1869.752	n/a	NonTarget	1	467438
1869.968	n/a	Target	2	467492
1870.184	n/a	NonTarget	1	467546
1870.4	n/a	NonTarget	1	467600
1875.62	n/a	NonTarget	1	468905
1875.832	n/a	NonTarget	1	468958
1876.048	n/a	NonTarget	1	469012
1876.264	n/a	Target	2	469066
1876.48	n/a	NonTarget	1	469120
1876.7	n/a	NonTarget	1	469175
1876.916	n/a	NonTarget	1	469229
1877.132	n/a	NonTarget	1	469283
1877.348	n/a	Target	2	469337
1877.564	n/a	NonTarget	1	469391
1877.78	n/a	NonTarget	1	469445
1877.996	n/a	NonTarget	1	469499
1878.216	n/a	NonTarget	1	469554
1878.432	n/a	NonTarget	1	469608
1878.648	n/a	NonTarget	1	469662
1878.864	n/a	NonTarget	1	469716
1879.08	n/a	Target	2	469770
1879.296	n/a	NonTarget	1	469824
1879.516	n/a	NonTarget	1	469879
1879.732	n/a	NonTarget	1	469933
1879.948	n/a	Target	2	469987
1880.164	n/a	NonTarget	1	470041
1880.38	n/a	NonTarget	1	470095
1880.596	n/a	NonTarget	1	470149
1880.812	n/a	NonTarget	1	470203
1881.032	n/a	NonTarget	1	470258
1881.248	n/a	Target	2	470312
1881.464	n/a	NonTarget	1	470366
1881.68	n/a	NonTarget	1	470420
1881.896	n/a	NonTarget	1	470474
1882.112	n/a	NonTarget	1	470528
1882.328	n/a	NonTarget	1	470582
1882.548	n/a	NonTarget	1	470637
1882.764	n/a	Target	2	470691
1882.98	n/a	NonTarget	1	470745
1883.196	n/a	NonTarget	1	470799
1883.412	n/a	NonTarget	1	470853
1883.628	n/a	NonTarget	1	470907
1883.844	n/a	Target	2	470961
1884.064	n/a	NonTarget	1	471016
1884.28	n/a	NonTarget	1	471070
1884.496	n/a	NonTarget	1	471124
1884.712	n/a	NonTarget	1	471178
1884.928	n/a	Target	2	471232
1885.144	n/a	NonTarget	1	471286
1885.36	n/a	NonTarget	1	471340
1885.58	n/a	NonTarget	1	471395
1885.796	n/a	NonTarget	1	471449
1886.012	n/a	NonTarget	1	471503
1886.228	n/a	NonTarget	1	471557
1886.46	n/a	Target	2	471615
1886.676	n/a	NonTarget	1	471669
1886.896	n/a	NonTarget	1	471724
1887.112	n/a	NonTarget	1	471778
1887.328	n/a	NonTarget	1	471832
1887.544	n/a	NonTarget	1	471886
1887.76	n/a	NonTarget	1	471940
1887.976	n/a	NonTarget	1	471994
1888.192	n/a	NonTarget	1	472048
1888.412	n/a	Target	2	472103
1901.908	n/a	NonTarget	1	475477
1902.124	n/a	NonTarget	1	475531
1902.34	n/a	NonTarget	1	475585
1902.556	n/a	NonTarget	1	475639
1902.772	n/a	Target	2	475693
1902.988	n/a	NonTarget	1	475747
1903.204	n/a	NonTarget	1	475801
1903.424	n/a	NonTarget	1	475856
1903.656	n/a	NonTarget	1	475914
1903.872	n/a	NonTarget	1	475968
1904.088	n/a	Target	2	476022
1904.304	n/a	NonTarget	1	476076
1904.52	n/a	NonTarget	1	476130
1904.736	n/a	Target	2	476184
1904.956	n/a	NonTarget	1	476239
1905.172	n/a	NonTarget	1	476293
1905.388	n/a	NonTarget	1	476347
1905.604	n/a	NonTarget	1	476401
1905.82	n/a	NonTarget	1	476455
1906.036	n/a	NonTarget	1	476509
1906.252	n/a	NonTarget	1	476563
1906.472	n/a	NonTarget	1	476618
1906.688	n/a	NonTarget	1	476672
1906.904	n/a	Target	2	476726
1907.12	n/a	NonTarget	1	476780
1907.336	n/a	NonTarget	1	476834
1907.572	n/a	NonTarget	1	476893
1907.788	n/a	NonTarget	1	476947
1908.004	n/a	NonTarget	1	477001
1908.22	n/a	Target	2	477055
1908.436	n/a	NonTarget	1	477109
1908.652	n/a	NonTarget	1	477163
1908.872	n/a	NonTarget	1	477218
1909.084	n/a	NonTarget	1	477271
1909.304	n/a	NonTarget	1	477326
1909.52	n/a	Target	2	477380
1909.736	n/a	NonTarget	1	477434
1909.952	n/a	NonTarget	1	477488
1910.168	n/a	NonTarget	1	477542
1910.388	n/a	NonTarget	1	477597
1910.604	n/a	Target	2	477651
1910.82	n/a	NonTarget	1	477705
1911.036	n/a	NonTarget	1	477759
1911.252	n/a	NonTarget	1	477813
1911.468	n/a	Target	2	477867
1911.684	n/a	NonTarget	1	477921
1911.904	n/a	NonTarget	1	477976
1912.12	n/a	NonTarget	1	478030
1912.336	n/a	NonTarget	1	478084
1912.552	n/a	Target	2	478138
1912.768	n/a	NonTarget	1	478192
1912.984	n/a	NonTarget	1	478246
1913.2	n/a	NonTarget	1	478300
1913.42	n/a	NonTarget	1	478355
1913.636	n/a	Target	2	478409
1913.852	n/a	NonTarget	1	478463
1914.068	n/a	NonTarget	1	478517
1914.284	n/a	NonTarget	1	478571
1914.5	n/a	NonTarget	1	478625
1914.716	n/a	NonTarget	1	478679
1919.936	n/a	NonTarget	1	479984
1920.148	n/a	NonTarget	1	480037
1920.364	n/a	NonTarget	1	480091
1920.58	n/a	Target	2	480145
1920.8	n/a	NonTarget	1	480200
1921.016	n/a	NonTarget	1	480254
1921.232	n/a	NonTarget	1	480308
1921.448	n/a	NonTarget	1	480362
1921.664	n/a	Target	2	480416
1921.88	n/a	NonTarget	1	480470
1922.096	n/a	NonTarget	1	480524
1922.316	n/a	NonTarget	1	480579
1922.532	n/a	NonTarget	1	480633
1922.748	n/a	NonTarget	1	480687
1922.964	n/a	NonTarget	1	480741
1923.18	n/a	NonTarget	1	480795
1923.396	n/a	Target	2	480849
1923.616	n/a	NonTarget	1	480904
1923.832	n/a	NonTarget	1	480958
1924.048	n/a	NonTarget	1	481012
1924.264	n/a	Target	2	481066
1924.48	n/a	NonTarget	1	481120
1924.696	n/a	NonTarget	1	481174
1924.912	n/a	NonTarget	1	481228
1925.128	n/a	NonTarget	1	481282
1925.348	n/a	NonTarget	1	481337
1925.564	n/a	Target	2	481391
1925.78	n/a	NonTarget	1	481445
1925.996	n/a	NonTarget	1	481499
1926.212	n/a	NonTarget	1	481553
1926.432	n/a	NonTarget	1	481608
1926.648	n/a	NonTarget	1	481662
1926.864	n/a	NonTarget	1	481716
1927.08	n/a	Target	2	481770
1927.296	n/a	NonTarget	1	481824
1927.512	n/a	NonTarget	1	481878
1927.728	n/a	NonTarget	1	481932
1927.944	n/a	NonTarget	1	481986
1928.164	n/a	Target	2	482041
1928.38	n/a	NonTarget	1	482095
1928.596	n/a	NonTarget	1	482149
1928.812	n/a	NonTarget	1	482203
1929.028	n/a	NonTarget	1	482257
1929.244	n/a	Target	2	482311
1929.464	n/a	NonTarget	1	482366
1929.68	n/a	NonTarget	1	482420
1929.896	n/a	NonTarget	1	482474
1930.112	n/a	NonTarget	1	482528
1930.328	n/a	NonTarget	1	482582
1930.544	n/a	NonTarget	1	482636
1930.76	n/a	Target	2	482690
1930.976	n/a	NonTarget	1	482744
1931.196	n/a	NonTarget	1	482799
1931.412	n/a	NonTarget	1	482853
1931.628	n/a	NonTarget	1	482907
1931.844	n/a	NonTarget	1	482961
1932.06	n/a	NonTarget	1	483015
1932.276	n/a	NonTarget	1	483069
1932.496	n/a	NonTarget	1	483124
1932.712	n/a	Target	2	483178
1946.208	n/a	NonTarget	1	486552
1946.424	n/a	NonTarget	1	486606
1946.64	n/a	NonTarget	1	486660
1946.856	n/a	Target	2	486714
1947.088	n/a	NonTarget	1	486772
1947.304	n/a	NonTarget	1	486826
1947.54	n/a	NonTarget	1	486885
1947.756	n/a	NonTarget	1	486939
1947.972	n/a	Target	2	486993
1948.204	n/a	NonTarget	1	487051
1948.42	n/a	NonTarget	1	487105
1948.636	n/a	NonTarget	1	487159
1948.856	n/a	NonTarget	1	487214
1949.072	n/a	NonTarget	1	487268
1949.304	n/a	NonTarget	1	487326
1949.536	n/a	NonTarget	1	487384
1949.756	n/a	Target	2	487439
1949.972	n/a	NonTarget	1	487493
1950.188	n/a	NonTarget	1	487547
1950.404	n/a	NonTarget	1	487601
1950.62	n/a	Target	2	487655
1950.836	n/a	NonTarget	1	487709
1951.056	n/a	NonTarget	1	487764
1951.268	n/a	NonTarget	1	487817
1951.488	n/a	NonTarget	1	487872
1951.704	n/a	NonTarget	1	487926
1951.92	n/a	Target	2	487980
1952.136	n/a	NonTarget	1	488034
1952.352	n/a	NonTarget	1	488088
1952.568	n/a	NonTarget	1	488142
1952.788	n/a	NonTarget	1	488197
1953.004	n/a	NonTarget	1	488251
1953.22	n/a	NonTarget	1	488305
1953.436	n/a	Target	2	488359
1953.652	n/a	NonTarget	1	488413
1953.868	n/a	NonTarget	1	488467
1954.088	n/a	NonTarget	1	488522
1954.304	n/a	NonTarget	1	488576
1954.52	n/a	Target	2	488630
1954.736	n/a	NonTarget	1	488684
1954.952	n/a	NonTarget	1	488738
1955.168	n/a	NonTarget	1	488792
1955.384	n/a	NonTarget	1	488846
1955.6	n/a	Target	2	488900
1955.82	n/a	NonTarget	1	488955
1956.036	n/a	NonTarget	1	489009
1956.252	n/a	NonTarget	1	489063
1956.468	n/a	NonTarget	1	489117
1956.684	n/a	NonTarget	1	489171
1956.9	n/a	NonTarget	1	489225
1957.136	n/a	Target	2	489284
1957.352	n/a	NonTarget	1	489338
1957.568	n/a	NonTarget	1	489392
1957.784	n/a	NonTarget	1	489446
1958.0	n/a	NonTarget	1	489500
1958.216	n/a	NonTarget	1	489554
1958.432	n/a	NonTarget	1	489608
1958.652	n/a	NonTarget	1	489663
1958.868	n/a	NonTarget	1	489717
1959.084	n/a	Target	2	489771
1964.3	n/a	Target	2	491075
1964.516	n/a	NonTarget	1	491129
1964.732	n/a	NonTarget	1	491183
1964.948	n/a	NonTarget	1	491237
1965.164	n/a	NonTarget	1	491291
1965.38	n/a	NonTarget	1	491345
1965.6	n/a	NonTarget	1	491400
1965.816	n/a	NonTarget	1	491454
1966.048	n/a	NonTarget	1	491512
1966.264	n/a	Target	2	491566
1966.5	n/a	NonTarget	1	491625
1966.716	n/a	NonTarget	1	491679
1966.932	n/a	NonTarget	1	491733
1967.148	n/a	NonTarget	1	491787
1967.364	n/a	NonTarget	1	491841
1967.58	n/a	Target	2	491895
1967.796	n/a	NonTarget	1	491949
1968.012	n/a	NonTarget	1	492003
1968.232	n/a	NonTarget	1	492058
1968.448	n/a	Target	2	492112
1968.664	n/a	NonTarget	1	492166
1968.88	n/a	NonTarget	1	492220
1969.096	n/a	NonTarget	1	492274
1969.312	n/a	NonTarget	1	492328
1969.528	n/a	Target	2	492382
1969.748	n/a	NonTarget	1	492437
1969.964	n/a	NonTarget	1	492491
1970.18	n/a	NonTarget	1	492545
1970.412	n/a	NonTarget	1	492603
1970.628	n/a	NonTarget	1	492657
1970.848	n/a	Target	2	492712
1971.064	n/a	NonTarget	1	492766
1971.28	n/a	NonTarget	1	492820
1971.496	n/a	NonTarget	1	492874
1971.712	n/a	NonTarget	1	492928
1971.928	n/a	NonTarget	1	492982
1972.144	n/a	Target	2	493036
1972.364	n/a	NonTarget	1	493091
1972.58	n/a	NonTarget	1	493145
1972.796	n/a	NonTarget	1	493199
1973.012	n/a	NonTarget	1	493253
1973.228	n/a	NonTarget	1	493307
1973.444	n/a	NonTarget	1	493361
1973.664	n/a	NonTarget	1	493416
1973.88	n/a	NonTarget	1	493470
1974.096	n/a	Target	2	493524
1974.312	n/a	NonTarget	1	493578
1974.528	n/a	NonTarget	1	493632
1974.744	n/a	NonTarget	1	493686
1974.96	n/a	NonTarget	1	493740
1975.18	n/a	NonTarget	1	493795
1975.396	n/a	NonTarget	1	493849
1975.612	n/a	NonTarget	1	493903
1975.828	n/a	Target	2	493957
1976.044	n/a	NonTarget	1	494011
1976.26	n/a	NonTarget	1	494065
1976.476	n/a	Target	2	494119
1976.696	n/a	NonTarget	1	494174
1976.912	n/a	NonTarget	1	494228
1977.128	n/a	NonTarget	1	494282
1990.624	n/a	NonTarget	1	497656
1990.84	n/a	NonTarget	1	497710
1991.056	n/a	Target	2	497764
1991.272	n/a	NonTarget	1	497818
1991.488	n/a	NonTarget	1	497872
1991.704	n/a	NonTarget	1	497926
1991.92	n/a	NonTarget	1	497980
1992.14	n/a	Target	2	498035
1992.356	n/a	NonTarget	1	498089
1992.572	n/a	NonTarget	1	498143
1992.788	n/a	NonTarget	1	498197
1993.004	n/a	NonTarget	1	498251
1993.22	n/a	NonTarget	1	498305
1993.436	n/a	NonTarget	1	498359
1993.656	n/a	NonTarget	1	498414
1993.872	n/a	NonTarget	1	498468
1994.088	n/a	NonTarget	1	498522
1994.304	n/a	Target	2	498576
1994.52	n/a	NonTarget	1	498630
1994.736	n/a	NonTarget	1	498684
1994.952	n/a	NonTarget	1	498738
1995.172	n/a	NonTarget	1	498793
1995.388	n/a	Target	2	498847
1995.604	n/a	NonTarget	1	498901
1995.82	n/a	NonTarget	1	498955
1996.052	n/a	NonTarget	1	499013
1996.268	n/a	NonTarget	1	499067
1996.488	n/a	Target	2	499122
1996.704	n/a	NonTarget	1	499176
1996.92	n/a	NonTarget	1	499230
1997.136	n/a	NonTarget	1	499284
1997.352	n/a	NonTarget	1	499338
1997.568	n/a	NonTarget	1	499392
1997.788	n/a	NonTarget	1	499447
1998.004	n/a	Target	2	499501
1998.22	n/a	NonTarget	1	499555
1998.436	n/a	NonTarget	1	499609
1998.652	n/a	Target	2	499663
1998.868	n/a	NonTarget	1	499717
1999.084	n/a	NonTarget	1	499771
1999.304	n/a	NonTarget	1	499826
1999.52	n/a	NonTarget	1	499880
1999.736	n/a	Target	2	499934
1999.952	n/a	NonTarget	1	499988
2000.168	n/a	NonTarget	1	500042
2000.384	n/a	NonTarget	1	500096
2000.6	n/a	NonTarget	1	500150
2000.82	n/a	NonTarget	1	500205
2001.052	n/a	Target	2	500263
2001.268	n/a	NonTarget	1	500317
2001.484	n/a	NonTarget	1	500371
2001.7	n/a	NonTarget	1	500425
2001.92	n/a	NonTarget	1	500480
2002.136	n/a	NonTarget	1	500534
2002.352	n/a	NonTarget	1	500588
2002.568	n/a	Target	2	500642
2002.784	n/a	NonTarget	1	500696
2003.0	n/a	NonTarget	1	500750
2003.216	n/a	NonTarget	1	500804
2003.432	n/a	NonTarget	1	500858
2008.652	n/a	Target	2	502163
2008.864	n/a	NonTarget	1	502216
2009.08	n/a	NonTarget	1	502270
2009.3	n/a	NonTarget	1	502325
2009.516	n/a	NonTarget	1	502379
2009.732	n/a	NonTarget	1	502433
2009.948	n/a	NonTarget	1	502487
2010.164	n/a	NonTarget	1	502541
2010.38	n/a	NonTarget	1	502595
2010.6	n/a	Target	2	502650
2010.816	n/a	NonTarget	1	502704
2011.032	n/a	NonTarget	1	502758
2011.248	n/a	NonTarget	1	502812
2011.464	n/a	NonTarget	1	502866
2011.68	n/a	NonTarget	1	502920
2011.896	n/a	Target	2	502974
2012.112	n/a	NonTarget	1	503028
2012.332	n/a	NonTarget	1	503083
2012.564	n/a	NonTarget	1	503141
2012.78	n/a	Target	2	503195
2012.996	n/a	NonTarget	1	503249
2013.212	n/a	NonTarget	1	503303
2013.428	n/a	NonTarget	1	503357
2013.648	n/a	NonTarget	1	503412
2013.864	n/a	Target	2	503466
2014.08	n/a	NonTarget	1	503520
2014.296	n/a	NonTarget	1	503574
2014.512	n/a	NonTarget	1	503628
2014.728	n/a	NonTarget	1	503682
2014.948	n/a	NonTarget	1	503737
2015.164	n/a	Target	2	503791
2015.38	n/a	NonTarget	1	503845
2015.596	n/a	NonTarget	1	503899
2015.812	n/a	NonTarget	1	503953
2016.028	n/a	NonTarget	1	504007
2016.244	n/a	NonTarget	1	504061
2016.464	n/a	Target	2	504116
2016.68	n/a	NonTarget	1	504170
2016.896	n/a	NonTarget	1	504224
2017.112	n/a	NonTarget	1	504278
2017.328	n/a	NonTarget	1	504332
2017.544	n/a	NonTarget	1	504386
2017.76	n/a	NonTarget	1	504440
2017.98	n/a	NonTarget	1	504495
2018.196	n/a	NonTarget	1	504549
2018.412	n/a	Target	2	504603
2018.628	n/a	NonTarget	1	504657
2018.844	n/a	NonTarget	1	504711
2019.06	n/a	NonTarget	1	504765
2019.276	n/a	NonTarget	1	504819
2019.496	n/a	NonTarget	1	504874
2019.712	n/a	NonTarget	1	504928
2019.928	n/a	NonTarget	1	504982
2020.144	n/a	Target	2	505036
2020.36	n/a	NonTarget	1	505090
2020.576	n/a	NonTarget	1	505144
2020.792	n/a	Target	2	505198
2021.012	n/a	NonTarget	1	505253
2021.228	n/a	NonTarget	1	505307
2021.444	n/a	NonTarget	1	505361
2034.94	n/a	NonTarget	1	508735
2035.156	n/a	Target	2	508789
2035.372	n/a	NonTarget	1	508843
2035.588	n/a	NonTarget	1	508897
2035.804	n/a	NonTarget	1	508951
2036.02	n/a	NonTarget	1	509005
2036.24	n/a	Target	2	509060
2036.456	n/a	NonTarget	1	509114
2036.672	n/a	NonTarget	1	509168
2036.888	n/a	NonTarget	1	509222
2037.104	n/a	NonTarget	1	509276
2037.32	n/a	NonTarget	1	509330
2037.536	n/a	Target	2	509384
2037.756	n/a	NonTarget	1	509439
2037.972	n/a	NonTarget	1	509493
2038.188	n/a	NonTarget	1	509547
2038.404	n/a	NonTarget	1	509601
2038.62	n/a	NonTarget	1	509655
2038.836	n/a	NonTarget	1	509709
2039.056	n/a	NonTarget	1	509764
2039.272	n/a	NonTarget	1	509818
2039.488	n/a	Target	2	509872
2039.704	n/a	NonTarget	1	509926
2039.92	n/a	NonTarget	1	509980
2040.136	n/a	NonTarget	1	510034
2040.352	n/a	NonTarget	1	510088
2040.568	n/a	NonTarget	1	510142
2040.788	n/a	NonTarget	1	510197
2041.004	n/a	Target	2	510251
2041.22	n/a	NonTarget	1	510305
2041.436	n/a	NonTarget	1	510359
2041.652	n/a	Target	2	510413
2041.868	n/a	NonTarget	1	510467
2042.088	n/a	NonTarget	1	510522
2042.304	n/a	NonTarget	1	510576
2042.52	n/a	NonTarget	1	510630
2042.736	n/a	NonTarget	1	510684
2042.952	n/a	NonTarget	1	510738
2043.168	n/a	NonTarget	1	510792
2043.384	n/a	Target	2	510846
2043.6	n/a	NonTarget	1	510900
2043.82	n/a	NonTarget	1	510955
2044.036	n/a	NonTarget	1	511009
2044.252	n/a	NonTarget	1	511063
2044.468	n/a	NonTarget	1	511117
2044.684	n/a	NonTarget	1	511171
2044.9	n/a	NonTarget	1	511225
2045.116	n/a	Target	2	511279
2045.336	n/a	NonTarget	1	511334
2045.552	n/a	NonTarget	1	511388
2045.768	n/a	NonTarget	1	511442
2045.984	n/a	Target	2	511496
2046.22	n/a	NonTarget	1	511555
2046.436	n/a	NonTarget	1	511609
2046.652	n/a	NonTarget	1	511663
2046.868	n/a	NonTarget	1	511717
2047.084	n/a	NonTarget	1	511771
2047.3	n/a	Target	2	511825
2047.516	n/a	NonTarget	1	511879
2047.732	n/a	NonTarget	1	511933
2052.952	n/a	NonTarget	1	513238
2053.164	n/a	NonTarget	1	513291
2053.38	n/a	NonTarget	1	513345
2053.596	n/a	Target	2	513399
2053.816	n/a	NonTarget	1	513454
2054.032	n/a	NonTarget	1	513508
2054.248	n/a	NonTarget	1	513562
2054.464	n/a	NonTarget	1	513616
2054.68	n/a	Target	2	513670
2054.896	n/a	NonTarget	1	513724
2055.112	n/a	NonTarget	1	513778
2055.332	n/a	NonTarget	1	513833
2055.548	n/a	NonTarget	1	513887
2055.764	n/a	NonTarget	1	513941
2055.98	n/a	NonTarget	1	513995
2056.196	n/a	NonTarget	1	514049
2056.416	n/a	Target	2	514104
2056.632	n/a	NonTarget	1	514158
2056.848	n/a	NonTarget	1	514212
2057.064	n/a	NonTarget	1	514266
2057.28	n/a	Target	2	514320
2057.496	n/a	NonTarget	1	514374
2057.712	n/a	NonTarget	1	514428
2057.928	n/a	NonTarget	1	514482
2058.148	n/a	NonTarget	1	514537
2058.364	n/a	NonTarget	1	514591
2058.58	n/a	Target	2	514645
2058.796	n/a	NonTarget	1	514699
2059.012	n/a	NonTarget	1	514753
2059.228	n/a	NonTarget	1	514807
2059.444	n/a	NonTarget	1	514861
2059.664	n/a	NonTarget	1	514916
2059.88	n/a	NonTarget	1	514970
2060.096	n/a	Target	2	515024
2060.312	n/a	NonTarget	1	515078
2060.528	n/a	NonTarget	1	515132
2060.744	n/a	NonTarget	1	515186
2060.96	n/a	NonTarget	1	515240
2061.18	n/a	Target	2	515295
2061.396	n/a	NonTarget	1	515349
2061.612	n/a	NonTarget	1	515403
2061.828	n/a	NonTarget	1	515457
2062.044	n/a	NonTarget	1	515511
2062.26	n/a	Target	2	515565
2062.476	n/a	NonTarget	1	515619
2062.696	n/a	NonTarget	1	515674
2062.912	n/a	NonTarget	1	515728
2063.128	n/a	NonTarget	1	515782
2063.344	n/a	NonTarget	1	515836
2063.56	n/a	NonTarget	1	515890
2063.78	n/a	Target	2	515945
2063.992	n/a	NonTarget	1	515998
2064.212	n/a	NonTarget	1	516053
2064.428	n/a	NonTarget	1	516107
2064.644	n/a	NonTarget	1	516161
2064.86	n/a	NonTarget	1	516215
2065.076	n/a	NonTarget	1	516269
2065.292	n/a	NonTarget	1	516323
2065.512	n/a	NonTarget	1	516378
2065.728	n/a	Target	2	516432
2079.224	n/a	NonTarget	1	519806
2079.44	n/a	NonTarget	1	519860
2079.656	n/a	NonTarget	1	519914
2079.872	n/a	Target	2	519968
2080.088	n/a	NonTarget	1	520022
2080.304	n/a	NonTarget	1	520076
2080.52	n/a	NonTarget	1	520130
2080.74	n/a	NonTarget	1	520185
2080.972	n/a	Target	2	520243
2081.188	n/a	NonTarget	1	520297
2081.404	n/a	NonTarget	1	520351
2081.62	n/a	NonTarget	1	520405
2081.836	n/a	NonTarget	1	520459
2082.056	n/a	NonTarget	1	520514
2082.272	n/a	NonTarget	1	520568
2082.488	n/a	NonTarget	1	520622
2082.704	n/a	Target	2	520676
2082.92	n/a	NonTarget	1	520730
2083.136	n/a	NonTarget	1	520784
2083.352	n/a	NonTarget	1	520838
2083.572	n/a	Target	2	520893
2083.788	n/a	NonTarget	1	520947
2084.004	n/a	NonTarget	1	521001
2084.22	n/a	NonTarget	1	521055
2084.436	n/a	NonTarget	1	521109
2084.652	n/a	NonTarget	1	521163
2084.872	n/a	Target	2	521218
2085.084	n/a	NonTarget	1	521271
2085.304	n/a	NonTarget	1	521326
2085.52	n/a	NonTarget	1	521380
2085.736	n/a	NonTarget	1	521434
2085.952	n/a	NonTarget	1	521488
2086.168	n/a	NonTarget	1	521542
2086.384	n/a	Target	2	521596
2086.604	n/a	NonTarget	1	521651
2086.82	n/a	NonTarget	1	521705
2087.036	n/a	NonTarget	1	521759
2087.252	n/a	NonTarget	1	521813
2087.468	n/a	Target	2	521867
2087.684	n/a	NonTarget	1	521921
2087.9	n/a	NonTarget	1	521975
2088.12	n/a	NonTarget	1	522030
2088.336	n/a	NonTarget	1	522084
2088.552	n/a	Target	2	522138
2088.768	n/a	NonTarget	1	522192
2088.984	n/a	NonTarget	1	522246
2089.2	n/a	NonTarget	1	522300
2089.42	n/a	NonTarget	1	522355
2089.636	n/a	NonTarget	1	522409
2089.852	n/a	NonTarget	1	522463
2090.068	n/a	Target	2	522517
2090.284	n/a	NonTarget	1	522571
2090.5	n/a	NonTarget	1	522625
2090.716	n/a	NonTarget	1	522679
2090.936	n/a	NonTarget	1	522734
2091.152	n/a	NonTarget	1	522788
2091.368	n/a	NonTarget	1	522842
2091.584	n/a	NonTarget	1	522896
2091.8	n/a	NonTarget	1	522950
2092.016	n/a	Target	2	523004
2097.236	n/a	NonTarget	1	524309
2097.448	n/a	NonTarget	1	524362
2097.664	n/a	NonTarget	1	524416
2097.88	n/a	NonTarget	1	524470
2098.1	n/a	NonTarget	1	524525
2098.316	n/a	Target	2	524579
2098.532	n/a	NonTarget	1	524633
2098.748	n/a	NonTarget	1	524687
2098.964	n/a	NonTarget	1	524741
2099.18	n/a	NonTarget	1	524795
2099.396	n/a	NonTarget	1	524849
2099.612	n/a	Target	2	524903
2099.832	n/a	NonTarget	1	524958
2100.048	n/a	NonTarget	1	525012
2100.264	n/a	Target	2	525066
2100.48	n/a	NonTarget	1	525120
2100.696	n/a	NonTarget	1	525174
2100.912	n/a	NonTarget	1	525228
2101.132	n/a	Target	2	525283
2101.348	n/a	NonTarget	1	525337
2101.564	n/a	NonTarget	1	525391
2101.78	n/a	NonTarget	1	525445
2101.996	n/a	NonTarget	1	525499
2102.212	n/a	NonTarget	1	525553
2102.428	n/a	NonTarget	1	525607
2102.648	n/a	Target	2	525662
2102.864	n/a	NonTarget	1	525716
2103.08	n/a	NonTarget	1	525770
2103.296	n/a	NonTarget	1	525824
2103.512	n/a	NonTarget	1	525878
2103.728	n/a	NonTarget	1	525932
2103.944	n/a	NonTarget	1	525986
2104.164	n/a	Target	2	526041
2104.38	n/a	NonTarget	1	526095
2104.596	n/a	NonTarget	1	526149
2104.812	n/a	NonTarget	1	526203
2105.028	n/a	NonTarget	1	526257
2105.244	n/a	NonTarget	1	526311
2105.464	n/a	NonTarget	1	526366
2105.68	n/a	NonTarget	1	526420
2105.896	n/a	NonTarget	1	526474
2106.112	n/a	Target	2	526528
2106.328	n/a	NonTarget	1	526582
2106.544	n/a	NonTarget	1	526636
2106.76	n/a	NonTarget	1	526690
2106.976	n/a	NonTarget	1	526744
2107.196	n/a	Target	2	526799
2107.412	n/a	NonTarget	1	526853
2107.628	n/a	NonTarget	1	526907
2107.844	n/a	NonTarget	1	526961
2108.06	n/a	NonTarget	1	527015
2108.276	n/a	NonTarget	1	527069
2108.496	n/a	Target	2	527124
2108.712	n/a	NonTarget	1	527178
2108.928	n/a	NonTarget	1	527232
2109.144	n/a	NonTarget	1	527286
2109.36	n/a	NonTarget	1	527340
2109.576	n/a	NonTarget	1	527394
2109.792	n/a	Target	2	527448
2110.008	n/a	NonTarget	1	527502
2123.508	n/a	NonTarget	1	530877
2123.72	n/a	NonTarget	1	530930
2123.94	n/a	NonTarget	1	530985
2124.156	n/a	NonTarget	1	531039
2124.372	n/a	Target	2	531093
2124.588	n/a	NonTarget	1	531147
2124.804	n/a	NonTarget	1	531201
2125.02	n/a	NonTarget	1	531255
2125.236	n/a	NonTarget	1	531309
2125.456	n/a	NonTarget	1	531364
2125.672	n/a	Target	2	531418
2125.888	n/a	NonTarget	1	531472
2126.104	n/a	NonTarget	1	531526
2126.32	n/a	Target	2	531580
2126.536	n/a	NonTarget	1	531634
2126.752	n/a	NonTarget	1	531688
2126.972	n/a	NonTarget	1	531743
2127.188	n/a	NonTarget	1	531797
2127.404	n/a	NonTarget	1	531851
2127.62	n/a	NonTarget	1	531905
2127.836	n/a	NonTarget	1	531959
2128.052	n/a	NonTarget	1	532013
2128.268	n/a	NonTarget	1	532067
2128.488	n/a	Target	2	532122
2128.704	n/a	NonTarget	1	532176
2128.92	n/a	NonTarget	1	532230
2129.136	n/a	NonTarget	1	532284
2129.352	n/a	NonTarget	1	532338
2129.568	n/a	NonTarget	1	532392
2129.784	n/a	Target	2	532446
2130.004	n/a	NonTarget	1	532501
2130.22	n/a	NonTarget	1	532555
2130.436	n/a	NonTarget	1	532609
2130.652	n/a	NonTarget	1	532663
2130.868	n/a	NonTarget	1	532717
2131.084	n/a	Target	2	532771
2131.304	n/a	NonTarget	1	532826
2131.52	n/a	NonTarget	1	532880
2131.736	n/a	NonTarget	1	532934
2131.952	n/a	NonTarget	1	532988
2132.168	n/a	Target	2	533042
2132.384	n/a	NonTarget	1	533096
2132.6	n/a	NonTarget	1	533150
2132.82	n/a	NonTarget	1	533205
2133.036	n/a	Target	2	533259
2133.252	n/a	NonTarget	1	533313
2133.468	n/a	NonTarget	1	533367
2133.684	n/a	NonTarget	1	533421
2133.9	n/a	NonTarget	1	533475
2134.116	n/a	Target	2	533529
2134.332	n/a	NonTarget	1	533583
2134.568	n/a	NonTarget	1	533642
2134.784	n/a	NonTarget	1	533696
2135.0	n/a	NonTarget	1	533750
2135.216	n/a	Target	2	533804
2135.432	n/a	NonTarget	1	533858
2135.652	n/a	NonTarget	1	533913
2135.868	n/a	NonTarget	1	533967
2136.084	n/a	NonTarget	1	534021
2136.3	n/a	NonTarget	1	534075
2141.516	n/a	NonTarget	1	535379
2141.732	n/a	NonTarget	1	535433
2141.948	n/a	NonTarget	1	535487
2142.164	n/a	NonTarget	1	535541
2142.38	n/a	NonTarget	1	535595
2142.596	n/a	Target	2	535649
2142.816	n/a	NonTarget	1	535704
2143.032	n/a	NonTarget	1	535758
2143.248	n/a	NonTarget	1	535812
2143.464	n/a	NonTarget	1	535866
2143.68	n/a	NonTarget	1	535920
2143.896	n/a	Target	2	535974
2144.112	n/a	NonTarget	1	536028
2144.332	n/a	NonTarget	1	536083
2144.548	n/a	Target	2	536137
2144.764	n/a	NonTarget	1	536191
2144.98	n/a	NonTarget	1	536245
2145.196	n/a	NonTarget	1	536299
2145.412	n/a	Target	2	536353
2145.628	n/a	NonTarget	1	536407
2145.848	n/a	NonTarget	1	536462
2146.064	n/a	NonTarget	1	536516
2146.28	n/a	NonTarget	1	536570
2146.496	n/a	NonTarget	1	536624
2146.712	n/a	NonTarget	1	536678
2146.948	n/a	Target	2	536737
2147.18	n/a	NonTarget	1	536795
2147.396	n/a	NonTarget	1	536849
2147.612	n/a	NonTarget	1	536903
2147.828	n/a	NonTarget	1	536957
2148.048	n/a	NonTarget	1	537012
2148.264	n/a	NonTarget	1	537066
2148.48	n/a	Target	2	537120
2148.696	n/a	NonTarget	1	537174
2148.912	n/a	NonTarget	1	537228
2149.128	n/a	NonTarget	1	537282
2149.344	n/a	NonTarget	1	537336
2149.564	n/a	NonTarget	1	537391
2149.78	n/a	NonTarget	1	537445
2149.996	n/a	NonTarget	1	537499
2150.212	n/a	NonTarget	1	537553
2150.428	n/a	Target	2	537607
2150.644	n/a	NonTarget	1	537661
2150.86	n/a	NonTarget	1	537715
2151.076	n/a	NonTarget	1	537769
2151.296	n/a	NonTarget	1	537824
2151.512	n/a	Target	2	537878
2151.728	n/a	NonTarget	1	537932
2151.944	n/a	NonTarget	1	537986
2152.16	n/a	NonTarget	1	538040
2152.376	n/a	NonTarget	1	538094
2152.592	n/a	NonTarget	1	538148
2152.812	n/a	Target	2	538203
2153.028	n/a	NonTarget	1	538257
2153.244	n/a	NonTarget	1	538311
2153.46	n/a	NonTarget	1	538365
2153.676	n/a	NonTarget	1	538419
2153.892	n/a	NonTarget	1	538473
2154.112	n/a	Target	2	538528
2154.328	n/a	NonTarget	1	538582
2167.824	n/a	Target	2	541956
2168.04	n/a	NonTarget	1	542010
2168.256	n/a	NonTarget	1	542064
2168.472	n/a	NonTarget	1	542118
2168.688	n/a	NonTarget	1	542172
2168.904	n/a	NonTarget	1	542226
2169.12	n/a	NonTarget	1	542280
2169.336	n/a	NonTarget	1	542334
2169.552	n/a	NonTarget	1	542388
2169.772	n/a	Target	2	542443
2169.988	n/a	NonTarget	1	542497
2170.204	n/a	NonTarget	1	542551
2170.42	n/a	NonTarget	1	542605
2170.636	n/a	NonTarget	1	542659
2170.856	n/a	NonTarget	1	542714
2171.072	n/a	Target	2	542768
2171.288	n/a	NonTarget	1	542822
2171.504	n/a	NonTarget	1	542876
2171.72	n/a	NonTarget	1	542930
2171.936	n/a	Target	2	542984
2172.152	n/a	NonTarget	1	543038
2172.368	n/a	NonTarget	1	543092
2172.588	n/a	NonTarget	1	543147
2172.804	n/a	NonTarget	1	543201
2173.02	n/a	Target	2	543255
2173.236	n/a	NonTarget	1	543309
2173.452	n/a	NonTarget	1	543363
2173.668	n/a	NonTarget	1	543417
2173.888	n/a	NonTarget	1	543472
2174.104	n/a	NonTarget	1	543526
2174.32	n/a	Target	2	543580
2174.536	n/a	NonTarget	1	543634
2174.752	n/a	NonTarget	1	543688
2174.968	n/a	NonTarget	1	543742
2175.184	n/a	NonTarget	1	543796
2175.404	n/a	NonTarget	1	543851
2175.62	n/a	Target	2	543905
2175.836	n/a	NonTarget	1	543959
2176.052	n/a	NonTarget	1	544013
2176.268	n/a	NonTarget	1	544067
2176.484	n/a	NonTarget	1	544121
2176.704	n/a	NonTarget	1	544176
2176.916	n/a	NonTarget	1	544229
2177.136	n/a	NonTarget	1	544284
2177.352	n/a	NonTarget	1	544338
2177.568	n/a	Target	2	544392
2177.784	n/a	NonTarget	1	544446
2178.0	n/a	NonTarget	1	544500
2178.22	n/a	NonTarget	1	544555
2178.432	n/a	NonTarget	1	544608
2178.652	n/a	NonTarget	1	544663
2178.868	n/a	NonTarget	1	544717
2179.084	n/a	NonTarget	1	544771
2179.3	n/a	Target	2	544825
2179.516	n/a	NonTarget	1	544879
2179.732	n/a	NonTarget	1	544933
2179.952	n/a	Target	2	544988
2180.168	n/a	NonTarget	1	545042
2180.384	n/a	NonTarget	1	545096
2180.6	n/a	NonTarget	1	545150
2185.816	n/a	NonTarget	1	546454
2186.032	n/a	NonTarget	1	546508
2186.248	n/a	NonTarget	1	546562
2186.464	n/a	NonTarget	1	546616
2186.68	n/a	NonTarget	1	546670
2186.896	n/a	Target	2	546724
2187.116	n/a	NonTarget	1	546779
2187.332	n/a	NonTarget	1	546833
2187.548	n/a	NonTarget	1	546887
2187.764	n/a	NonTarget	1	546941
2187.98	n/a	NonTarget	1	546995
2188.196	n/a	Target	2	547049
2188.412	n/a	NonTarget	1	547103
2188.632	n/a	NonTarget	1	547158
2188.848	n/a	Target	2	547212
2189.064	n/a	NonTarget	1	547266
2189.296	n/a	NonTarget	1	547324
2189.512	n/a	NonTarget	1	547378
2189.732	n/a	Target	2	547433
2189.948	n/a	NonTarget	1	547487
2190.164	n/a	NonTarget	1	547541
2190.38	n/a	NonTarget	1	547595
2190.596	n/a	NonTarget	1	547649
2190.812	n/a	NonTarget	1	547703
2191.028	n/a	NonTarget	1	547757
2191.244	n/a	Target	2	547811
2191.464	n/a	NonTarget	1	547866
2191.68	n/a	NonTarget	1	547920
2191.896	n/a	NonTarget	1	547974
2192.112	n/a	NonTarget	1	548028
2192.328	n/a	NonTarget	1	548082
2192.544	n/a	NonTarget	1	548136
2192.76	n/a	Target	2	548190
2192.98	n/a	NonTarget	1	548245
2193.196	n/a	NonTarget	1	548299
2193.412	n/a	NonTarget	1	548353
2193.628	n/a	NonTarget	1	548407
2193.844	n/a	NonTarget	1	548461
2194.064	n/a	NonTarget	1	548516
2194.276	n/a	NonTarget	1	548569
2194.496	n/a	NonTarget	1	548624
2194.712	n/a	Target	2	548678
2194.928	n/a	NonTarget	1	548732
2195.144	n/a	NonTarget	1	548786
2195.36	n/a	NonTarget	1	548840
2195.576	n/a	NonTarget	1	548894
2195.796	n/a	Target	2	548949
2196.012	n/a	NonTarget	1	549003
2196.228	n/a	NonTarget	1	549057
2196.444	n/a	NonTarget	1	549111
2196.66	n/a	NonTarget	1	549165
2196.876	n/a	NonTarget	1	549219
2197.092	n/a	Target	2	549273
2197.312	n/a	NonTarget	1	549328
2197.528	n/a	NonTarget	1	549382
2197.744	n/a	NonTarget	1	549436
2197.96	n/a	NonTarget	1	549490
2198.176	n/a	NonTarget	1	549544
2198.392	n/a	Target	2	549598
2198.608	n/a	NonTarget	1	549652
2212.108	n/a	NonTarget	1	553027
2212.32	n/a	Target	2	553080
2212.54	n/a	NonTarget	1	553135
2212.756	n/a	NonTarget	1	553189
2212.972	n/a	NonTarget	1	553243
2213.188	n/a	NonTarget	1	553297
2213.404	n/a	Target	2	553351
2213.62	n/a	NonTarget	1	553405
2213.836	n/a	NonTarget	1	553459
2214.052	n/a	NonTarget	1	553513
2214.272	n/a	NonTarget	1	553568
2214.488	n/a	NonTarget	1	553622
2214.704	n/a	Target	2	553676
2214.92	n/a	NonTarget	1	553730
2215.136	n/a	NonTarget	1	553784
2215.352	n/a	NonTarget	1	553838
2215.572	n/a	NonTarget	1	553893
2215.788	n/a	NonTarget	1	553947
2216.004	n/a	NonTarget	1	554001
2216.22	n/a	NonTarget	1	554055
2216.436	n/a	NonTarget	1	554109
2216.652	n/a	Target	2	554163
2216.868	n/a	NonTarget	1	554217
2217.088	n/a	NonTarget	1	554272
2217.304	n/a	NonTarget	1	554326
2217.52	n/a	NonTarget	1	554380
2217.736	n/a	NonTarget	1	554434
2217.952	n/a	NonTarget	1	554488
2218.168	n/a	Target	2	554542
2218.388	n/a	NonTarget	1	554597
2218.604	n/a	NonTarget	1	554651
2218.82	n/a	Target	2	554705
2219.036	n/a	NonTarget	1	554759
2219.252	n/a	NonTarget	1	554813
2219.468	n/a	NonTarget	1	554867
2219.684	n/a	NonTarget	1	554921
2219.904	n/a	NonTarget	1	554976
2220.12	n/a	NonTarget	1	555030
2220.336	n/a	NonTarget	1	555084
2220.552	n/a	Target	2	555138
2220.768	n/a	NonTarget	1	555192
2220.984	n/a	NonTarget	1	555246
2221.2	n/a	NonTarget	1	555300
2221.42	n/a	NonTarget	1	555355
2221.636	n/a	NonTarget	1	555409
2221.852	n/a	NonTarget	1	555463
2222.068	n/a	NonTarget	1	555517
2222.284	n/a	Target	2	555571
2222.5	n/a	NonTarget	1	555625
2222.716	n/a	NonTarget	1	555679
2222.936	n/a	NonTarget	1	555734
2223.152	n/a	Target	2	555788
2223.368	n/a	NonTarget	1	555842
2223.584	n/a	NonTarget	1	555896
2223.8	n/a	NonTarget	1	555950
2224.016	n/a	NonTarget	1	556004
2224.232	n/a	NonTarget	1	556058
2224.452	n/a	Target	2	556113
2224.668	n/a	NonTarget	1	556167
2224.884	n/a	NonTarget	1	556221
2230.1	n/a	NonTarget	1	557525
2230.316	n/a	NonTarget	1	557579
2230.532	n/a	NonTarget	1	557633
2230.748	n/a	NonTarget	1	557687
2230.964	n/a	Target	2	557741
2231.18	n/a	NonTarget	1	557795
2231.396	n/a	NonTarget	1	557849
2231.616	n/a	NonTarget	1	557904
2231.832	n/a	NonTarget	1	557958
2232.048	n/a	NonTarget	1	558012
2232.264	n/a	Target	2	558066
2232.48	n/a	NonTarget	1	558120
2232.696	n/a	NonTarget	1	558174
2232.912	n/a	Target	2	558228
2233.128	n/a	NonTarget	1	558282
2233.348	n/a	NonTarget	1	558337
2233.564	n/a	NonTarget	1	558391
2233.78	n/a	NonTarget	1	558445
2233.996	n/a	NonTarget	1	558499
2234.212	n/a	NonTarget	1	558553
2234.428	n/a	NonTarget	1	558607
2234.648	n/a	NonTarget	1	558662
2234.864	n/a	NonTarget	1	558716
2235.08	n/a	Target	2	558770
2235.296	n/a	NonTarget	1	558824
2235.512	n/a	NonTarget	1	558878
2235.728	n/a	NonTarget	1	558932
2235.944	n/a	NonTarget	1	558986
2236.164	n/a	NonTarget	1	559041
2236.38	n/a	Target	2	559095
2236.596	n/a	NonTarget	1	559149
2236.812	n/a	NonTarget	1	559203
2237.028	n/a	NonTarget	1	559257
2237.244	n/a	NonTarget	1	559311
2237.46	n/a	NonTarget	1	559365
2237.676	n/a	Target	2	559419
2237.896	n/a	NonTarget	1	559474
2238.112	n/a	NonTarget	1	559528
2238.328	n/a	NonTarget	1	559582
2238.544	n/a	NonTarget	1	559636
2238.76	n/a	Target	2	559690
2238.976	n/a	NonTarget	1	559744
2239.196	n/a	NonTarget	1	559799
2239.412	n/a	NonTarget	1	559853
2239.628	n/a	Target	2	559907
2239.844	n/a	NonTarget	1	559961
2240.06	n/a	NonTarget	1	560015
2240.276	n/a	NonTarget	1	560069
2240.496	n/a	NonTarget	1	560124
2240.712	n/a	Target	2	560178
2240.928	n/a	NonTarget	1	560232
2241.144	n/a	NonTarget	1	560286
2241.376	n/a	NonTarget	1	560344
2241.592	n/a	NonTarget	1	560398
2241.812	n/a	Target	2	560453
2242.028	n/a	NonTarget	1	560507
2242.244	n/a	NonTarget	1	560561
2242.46	n/a	NonTarget	1	560615
2242.676	n/a	NonTarget	1	560669
2242.892	n/a	NonTarget	1	560723
2256.392	n/a	Target	2	564098
2256.604	n/a	NonTarget	1	564151
2256.82	n/a	NonTarget	1	564205
2257.04	n/a	NonTarget	1	564260
2257.256	n/a	NonTarget	1	564314
2257.472	n/a	NonTarget	1	564368
2257.688	n/a	NonTarget	1	564422
2257.904	n/a	NonTarget	1	564476
2258.12	n/a	NonTarget	1	564530
2258.336	n/a	Target	2	564584
2258.556	n/a	NonTarget	1	564639
2258.772	n/a	NonTarget	1	564693
2258.988	n/a	NonTarget	1	564747
2259.204	n/a	NonTarget	1	564801
2259.42	n/a	NonTarget	1	564855
2259.636	n/a	Target	2	564909
2259.852	n/a	NonTarget	1	564963
2260.068	n/a	NonTarget	1	565017
2260.288	n/a	NonTarget	1	565072
2260.504	n/a	Target	2	565126
2260.72	n/a	NonTarget	1	565180
2260.936	n/a	NonTarget	1	565234
2261.152	n/a	NonTarget	1	565288
2261.368	n/a	NonTarget	1	565342
2261.584	n/a	Target	2	565396
2261.804	n/a	NonTarget	1	565451
2262.02	n/a	NonTarget	1	565505
2262.236	n/a	NonTarget	1	565559
2262.452	n/a	NonTarget	1	565613
2262.668	n/a	NonTarget	1	565667
2262.884	n/a	Target	2	565721
2263.104	n/a	NonTarget	1	565776
2263.32	n/a	NonTarget	1	565830
2263.536	n/a	NonTarget	1	565884
2263.752	n/a	NonTarget	1	565938
2263.968	n/a	NonTarget	1	565992
2264.184	n/a	Target	2	566046
2264.4	n/a	NonTarget	1	566100
2264.62	n/a	NonTarget	1	566155
2264.836	n/a	NonTarget	1	566209
2265.052	n/a	NonTarget	1	566263
2265.268	n/a	NonTarget	1	566317
2265.484	n/a	NonTarget	1	566371
2265.7	n/a	NonTarget	1	566425
2265.916	n/a	NonTarget	1	566479
2266.136	n/a	Target	2	566534
2266.352	n/a	NonTarget	1	566588
2266.568	n/a	NonTarget	1	566642
2266.784	n/a	NonTarget	1	566696
2267.0	n/a	NonTarget	1	566750
2267.216	n/a	NonTarget	1	566804
2267.432	n/a	NonTarget	1	566858
2267.652	n/a	NonTarget	1	566913
2267.868	n/a	Target	2	566967
2268.084	n/a	NonTarget	1	567021
2268.3	n/a	NonTarget	1	567075
2268.516	n/a	Target	2	567129
2268.732	n/a	NonTarget	1	567183
2268.952	n/a	NonTarget	1	567238
2269.168	n/a	NonTarget	1	567292
2274.4	n/a	NonTarget	1	568600
2274.616	n/a	NonTarget	1	568654
2274.832	n/a	NonTarget	1	568708
2275.048	n/a	NonTarget	1	568762
2275.264	n/a	NonTarget	1	568816
2275.48	n/a	Target	2	568870
2275.696	n/a	NonTarget	1	568924
2275.912	n/a	NonTarget	1	568978
2276.132	n/a	NonTarget	1	569033
2276.348	n/a	NonTarget	1	569087
2276.58	n/a	NonTarget	1	569145
2276.796	n/a	Target	2	569199
2277.012	n/a	NonTarget	1	569253
2277.228	n/a	NonTarget	1	569307
2277.448	n/a	Target	2	569362
2277.664	n/a	NonTarget	1	569416
2277.88	n/a	NonTarget	1	569470
2278.096	n/a	NonTarget	1	569524
2278.312	n/a	Target	2	569578
2278.528	n/a	NonTarget	1	569632
2278.748	n/a	NonTarget	1	569687
2278.964	n/a	NonTarget	1	569741
2279.18	n/a	NonTarget	1	569795
2279.396	n/a	NonTarget	1	569849
2279.612	n/a	NonTarget	1	569903
2279.828	n/a	Target	2	569957
2280.044	n/a	NonTarget	1	570011
2280.264	n/a	NonTarget	1	570066
2280.48	n/a	NonTarget	1	570120
2280.696	n/a	NonTarget	1	570174
2280.912	n/a	NonTarget	1	570228
2281.128	n/a	NonTarget	1	570282
2281.344	n/a	Target	2	570336
2281.56	n/a	NonTarget	1	570390
2281.78	n/a	NonTarget	1	570445
2281.996	n/a	NonTarget	1	570499
2282.212	n/a	NonTarget	1	570553
2282.428	n/a	NonTarget	1	570607
2282.644	n/a	NonTarget	1	570661
2282.86	n/a	NonTarget	1	570715
2283.08	n/a	NonTarget	1	570770
2283.296	n/a	Target	2	570824
2283.512	n/a	NonTarget	1	570878
2283.728	n/a	NonTarget	1	570932
2283.944	n/a	NonTarget	1	570986
2284.16	n/a	NonTarget	1	571040
2284.376	n/a	Target	2	571094
2284.596	n/a	NonTarget	1	571149
2284.812	n/a	NonTarget	1	571203
2285.028	n/a	NonTarget	1	571257
2285.244	n/a	NonTarget	1	571311
2285.46	n/a	NonTarget	1	571365
2285.676	n/a	Target	2	571419
2285.892	n/a	NonTarget	1	571473
2286.112	n/a	NonTarget	1	571528
2286.328	n/a	NonTarget	1	571582
2286.544	n/a	NonTarget	1	571636
2286.76	n/a	NonTarget	1	571690
2286.976	n/a	Target	2	571744
2287.192	n/a	NonTarget	1	571798
2300.692	n/a	NonTarget	1	575173
2300.904	n/a	Target	2	575226
2301.12	n/a	NonTarget	1	575280
2301.336	n/a	NonTarget	1	575334
2301.552	n/a	NonTarget	1	575388
2301.772	n/a	NonTarget	1	575443
2301.988	n/a	Target	2	575497
2302.204	n/a	NonTarget	1	575551
2302.42	n/a	NonTarget	1	575605
2302.636	n/a	NonTarget	1	575659
2302.852	n/a	NonTarget	1	575713
2303.068	n/a	NonTarget	1	575767
2303.288	n/a	Target	2	575822
2303.504	n/a	NonTarget	1	575876
2303.72	n/a	NonTarget	1	575930
2303.936	n/a	NonTarget	1	575984
2304.152	n/a	NonTarget	1	576038
2304.368	n/a	NonTarget	1	576092
2304.588	n/a	NonTarget	1	576147
2304.804	n/a	NonTarget	1	576201
2305.02	n/a	NonTarget	1	576255
2305.236	n/a	Target	2	576309
2305.452	n/a	NonTarget	1	576363
2305.668	n/a	NonTarget	1	576417
2305.884	n/a	NonTarget	1	576471
2306.104	n/a	NonTarget	1	576526
2306.32	n/a	NonTarget	1	576580
2306.536	n/a	NonTarget	1	576634
2306.752	n/a	Target	2	576688
2306.968	n/a	NonTarget	1	576742
2307.184	n/a	NonTarget	1	576796
2307.404	n/a	Target	2	576851
2307.62	n/a	NonTarget	1	576905
2307.836	n/a	NonTarget	1	576959
2308.052	n/a	NonTarget	1	577013
2308.268	n/a	NonTarget	1	577067
2308.484	n/a	NonTarget	1	577121
2308.7	n/a	NonTarget	1	577175
2308.92	n/a	NonTarget	1	577230
2309.136	n/a	Target	2	577284
2309.352	n/a	NonTarget	1	577338
2309.568	n/a	NonTarget	1	577392
2309.784	n/a	NonTarget	1	577446
2310.0	n/a	NonTarget	1	577500
2310.216	n/a	NonTarget	1	577554
2310.432	n/a	NonTarget	1	577608
2310.652	n/a	NonTarget	1	577663
2310.868	n/a	Target	2	577717
2311.084	n/a	NonTarget	1	577771
2311.3	n/a	NonTarget	1	577825
2311.516	n/a	NonTarget	1	577879
2311.736	n/a	Target	2	577934
2311.952	n/a	NonTarget	1	577988
2312.168	n/a	NonTarget	1	578042
2312.384	n/a	NonTarget	1	578096
2312.6	n/a	NonTarget	1	578150
2312.816	n/a	NonTarget	1	578204
2313.032	n/a	Target	2	578258
2313.252	n/a	NonTarget	1	578313
2313.468	n/a	NonTarget	1	578367
2318.684	n/a	NonTarget	1	579671
2318.896	n/a	NonTarget	1	579724
2319.116	n/a	NonTarget	1	579779
2319.332	n/a	Target	2	579833
2319.548	n/a	NonTarget	1	579887
2319.764	n/a	NonTarget	1	579941
2319.98	n/a	NonTarget	1	579995
2320.196	n/a	NonTarget	1	580049
2320.416	n/a	Target	2	580104
2320.628	n/a	NonTarget	1	580157
2320.848	n/a	NonTarget	1	580212
2321.064	n/a	NonTarget	1	580266
2321.28	n/a	NonTarget	1	580320
2321.496	n/a	NonTarget	1	580374
2321.712	n/a	NonTarget	1	580428
2321.932	n/a	NonTarget	1	580483
2322.148	n/a	Target	2	580537
2322.364	n/a	NonTarget	1	580591
2322.58	n/a	NonTarget	1	580645
2322.796	n/a	NonTarget	1	580699
2323.012	n/a	Target	2	580753
2323.228	n/a	NonTarget	1	580807
2323.448	n/a	NonTarget	1	580862
2323.664	n/a	NonTarget	1	580916
2323.88	n/a	NonTarget	1	580970
2324.096	n/a	NonTarget	1	581024
2324.312	n/a	Target	2	581078
2324.528	n/a	NonTarget	1	581132
2324.744	n/a	NonTarget	1	581186
2324.964	n/a	NonTarget	1	581241
2325.18	n/a	NonTarget	1	581295
2325.396	n/a	NonTarget	1	581349
2325.612	n/a	NonTarget	1	581403
2325.828	n/a	Target	2	581457
2326.044	n/a	NonTarget	1	581511
2326.264	n/a	NonTarget	1	581566
2326.476	n/a	NonTarget	1	581619
2326.696	n/a	NonTarget	1	581674
2326.912	n/a	Target	2	581728
2327.128	n/a	NonTarget	1	581782
2327.344	n/a	NonTarget	1	581836
2327.56	n/a	NonTarget	1	581890
2327.776	n/a	NonTarget	1	581944
2327.996	n/a	Target	2	581999
2328.212	n/a	NonTarget	1	582053
2328.428	n/a	NonTarget	1	582107
2328.644	n/a	NonTarget	1	582161
2328.86	n/a	NonTarget	1	582215
2329.076	n/a	NonTarget	1	582269
2329.292	n/a	NonTarget	1	582323
2329.512	n/a	Target	2	582378
2329.728	n/a	NonTarget	1	582432
2329.944	n/a	NonTarget	1	582486
2330.16	n/a	NonTarget	1	582540
2330.376	n/a	NonTarget	1	582594
2330.592	n/a	NonTarget	1	582648
2330.808	n/a	NonTarget	1	582702
2331.028	n/a	NonTarget	1	582757
2331.244	n/a	NonTarget	1	582811
2331.46	n/a	Target	2	582865
2344.956	n/a	NonTarget	1	586239
2345.172	n/a	NonTarget	1	586293
2345.388	n/a	NonTarget	1	586347
2345.604	n/a	Target	2	586401
2345.82	n/a	NonTarget	1	586455
2346.036	n/a	NonTarget	1	586509
2346.256	n/a	NonTarget	1	586564
2346.472	n/a	NonTarget	1	586618
2346.688	n/a	Target	2	586672
2346.904	n/a	NonTarget	1	586726
2347.12	n/a	NonTarget	1	586780
2347.336	n/a	NonTarget	1	586834
2347.552	n/a	NonTarget	1	586888
2347.772	n/a	NonTarget	1	586943
2347.988	n/a	NonTarget	1	586997
2348.204	n/a	NonTarget	1	587051
2348.42	n/a	Target	2	587105
2348.636	n/a	NonTarget	1	587159
2348.852	n/a	NonTarget	1	587213
2349.068	n/a	NonTarget	1	587267
2349.284	n/a	Target	2	587321
2349.504	n/a	NonTarget	1	587376
2349.72	n/a	NonTarget	1	587430
2349.936	n/a	NonTarget	1	587484
2350.152	n/a	NonTarget	1	587538
2350.368	n/a	NonTarget	1	587592
2350.584	n/a	Target	2	587646
2350.804	n/a	NonTarget	1	587701
2351.02	n/a	NonTarget	1	587755
2351.236	n/a	NonTarget	1	587809
2351.452	n/a	NonTarget	1	587863
2351.668	n/a	NonTarget	1	587917
2351.884	n/a	NonTarget	1	587971
2352.1	n/a	Target	2	588025
2352.32	n/a	NonTarget	1	588080
2352.536	n/a	NonTarget	1	588134
2352.752	n/a	NonTarget	1	588188
2352.968	n/a	NonTarget	1	588242
2353.184	n/a	Target	2	588296
2353.4	n/a	NonTarget	1	588350
2353.62	n/a	NonTarget	1	588405
2353.836	n/a	NonTarget	1	588459
2354.052	n/a	NonTarget	1	588513
2354.268	n/a	Target	2	588567
2354.484	n/a	NonTarget	1	588621
2354.7	n/a	NonTarget	1	588675
2354.916	n/a	NonTarget	1	588729
2355.132	n/a	NonTarget	1	588783
2355.352	n/a	NonTarget	1	588838
2355.568	n/a	NonTarget	1	588892
2355.784	n/a	Target	2	588946
2356.0	n/a	NonTarget	1	589000
2356.216	n/a	NonTarget	1	589054
2356.432	n/a	NonTarget	1	589108
2356.652	n/a	NonTarget	1	589163
2356.868	n/a	NonTarget	1	589217
2357.084	n/a	NonTarget	1	589271
2357.3	n/a	NonTarget	1	589325
2357.516	n/a	NonTarget	1	589379
2357.732	n/a	Target	2	589433
2362.952	n/a	NonTarget	1	590738
2363.164	n/a	NonTarget	1	590791
2363.38	n/a	NonTarget	1	590845
2363.596	n/a	NonTarget	1	590899
2363.812	n/a	Target	2	590953
2364.032	n/a	NonTarget	1	591008
2364.248	n/a	NonTarget	1	591062
2364.464	n/a	NonTarget	1	591116
2364.68	n/a	NonTarget	1	591170
2364.896	n/a	NonTarget	1	591224
2365.112	n/a	Target	2	591278
2365.328	n/a	NonTarget	1	591332
2365.548	n/a	NonTarget	1	591387
2365.764	n/a	Target	2	591441
2365.98	n/a	NonTarget	1	591495
2366.196	n/a	NonTarget	1	591549
2366.412	n/a	NonTarget	1	591603
2366.628	n/a	NonTarget	1	591657
2366.848	n/a	NonTarget	1	591712
2367.064	n/a	NonTarget	1	591766
2367.28	n/a	NonTarget	1	591820
2367.496	n/a	NonTarget	1	591874
2367.712	n/a	NonTarget	1	591928
2367.928	n/a	Target	2	591982
2368.144	n/a	NonTarget	1	592036
2368.36	n/a	NonTarget	1	592090
2368.58	n/a	NonTarget	1	592145
2368.796	n/a	NonTarget	1	592199
2369.012	n/a	NonTarget	1	592253
2369.228	n/a	Target	2	592307
2369.444	n/a	NonTarget	1	592361
2369.664	n/a	NonTarget	1	592416
2369.88	n/a	NonTarget	1	592470
2370.096	n/a	NonTarget	1	592524
2370.312	n/a	NonTarget	1	592578
2370.528	n/a	Target	2	592632
2370.744	n/a	NonTarget	1	592686
2370.96	n/a	NonTarget	1	592740
2371.176	n/a	NonTarget	1	592794
2371.396	n/a	NonTarget	1	592849
2371.612	n/a	Target	2	592903
2371.828	n/a	NonTarget	1	592957
2372.044	n/a	NonTarget	1	593011
2372.26	n/a	NonTarget	1	593065
2372.476	n/a	Target	2	593119
2372.692	n/a	NonTarget	1	593173
2372.912	n/a	NonTarget	1	593228
2373.128	n/a	NonTarget	1	593282
2373.344	n/a	NonTarget	1	593336
2373.56	n/a	Target	2	593390
2373.776	n/a	NonTarget	1	593444
2373.992	n/a	NonTarget	1	593498
2374.208	n/a	NonTarget	1	593552
2374.428	n/a	NonTarget	1	593607
2374.66	n/a	Target	2	593665
2374.876	n/a	NonTarget	1	593719
2375.092	n/a	NonTarget	1	593773
2375.308	n/a	NonTarget	1	593827
2375.528	n/a	NonTarget	1	593882
2375.744	n/a	NonTarget	1	593936
2389.24	n/a	NonTarget	1	597310
2389.456	n/a	NonTarget	1	597364
2389.672	n/a	NonTarget	1	597418
2389.888	n/a	NonTarget	1	597472
2390.104	n/a	Target	2	597526
2390.32	n/a	NonTarget	1	597580
2390.536	n/a	NonTarget	1	597634
2390.752	n/a	NonTarget	1	597688
2390.972	n/a	NonTarget	1	597743
2391.188	n/a	NonTarget	1	597797
2391.404	n/a	Target	2	597851
2391.62	n/a	NonTarget	1	597905
2391.836	n/a	NonTarget	1	597959
2392.052	n/a	Target	2	598013
2392.268	n/a	NonTarget	1	598067
2392.504	n/a	NonTarget	1	598126
2392.72	n/a	NonTarget	1	598180
2392.936	n/a	NonTarget	1	598234
2393.152	n/a	NonTarget	1	598288
2393.368	n/a	NonTarget	1	598342
2393.584	n/a	NonTarget	1	598396
2393.804	n/a	NonTarget	1	598451
2394.02	n/a	NonTarget	1	598505
2394.236	n/a	Target	2	598559
2394.452	n/a	NonTarget	1	598613
2394.668	n/a	NonTarget	1	598667
2394.888	n/a	NonTarget	1	598722
2395.104	n/a	NonTarget	1	598776
2395.32	n/a	NonTarget	1	598830
2395.536	n/a	Target	2	598884
2395.752	n/a	NonTarget	1	598938
2395.968	n/a	NonTarget	1	598992
2396.184	n/a	NonTarget	1	599046
2396.4	n/a	NonTarget	1	599100
2396.62	n/a	NonTarget	1	599155
2396.836	n/a	Target	2	599209
2397.052	n/a	NonTarget	1	599263
2397.268	n/a	NonTarget	1	599317
2397.484	n/a	NonTarget	1	599371
2397.7	n/a	NonTarget	1	599425
2397.936	n/a	Target	2	599484
2398.152	n/a	NonTarget	1	599538
2398.368	n/a	NonTarget	1	599592
2398.584	n/a	NonTarget	1	599646
2398.8	n/a	Target	2	599700
2399.016	n/a	NonTarget	1	599754
2399.232	n/a	NonTarget	1	599808
2399.452	n/a	NonTarget	1	599863
2399.668	n/a	NonTarget	1	599917
2399.884	n/a	Target	2	599971
2400.1	n/a	NonTarget	1	600025
2400.316	n/a	NonTarget	1	600079
2400.536	n/a	NonTarget	1	600134
2400.768	n/a	NonTarget	1	600192
2400.984	n/a	Target	2	600246
2401.216	n/a	NonTarget	1	600304
2401.448	n/a	NonTarget	1	600362
2401.664	n/a	NonTarget	1	600416
2401.884	n/a	NonTarget	1	600471
2402.1	n/a	NonTarget	1	600525
2407.316	n/a	NonTarget	1	601829
2407.532	n/a	NonTarget	1	601883
2407.748	n/a	NonTarget	1	601937
2407.964	n/a	NonTarget	1	601991
2408.18	n/a	NonTarget	1	602045
2408.396	n/a	Target	2	602099
2408.612	n/a	NonTarget	1	602153
2408.832	n/a	NonTarget	1	602208
2409.048	n/a	NonTarget	1	602262
2409.264	n/a	NonTarget	1	602316
2409.48	n/a	NonTarget	1	602370
2409.696	n/a	Target	2	602424
2409.912	n/a	NonTarget	1	602478
2410.128	n/a	NonTarget	1	602532
2410.364	n/a	Target	2	602591
2410.58	n/a	NonTarget	1	602645
2410.796	n/a	NonTarget	1	602699
2411.012	n/a	NonTarget	1	602753
2411.228	n/a	Target	2	602807
2411.448	n/a	NonTarget	1	602862
2411.664	n/a	NonTarget	1	602916
2411.88	n/a	NonTarget	1	602970
2412.096	n/a	NonTarget	1	603024
2412.312	n/a	NonTarget	1	603078
2412.528	n/a	NonTarget	1	603132
2412.744	n/a	Target	2	603186
2412.96	n/a	NonTarget	1	603240
2413.18	n/a	NonTarget	1	603295
2413.396	n/a	NonTarget	1	603349
2413.612	n/a	NonTarget	1	603403
2413.828	n/a	NonTarget	1	603457
2414.044	n/a	NonTarget	1	603511
2414.26	n/a	Target	2	603565
2414.476	n/a	NonTarget	1	603619
2414.696	n/a	NonTarget	1	603674
2414.912	n/a	NonTarget	1	603728
2415.128	n/a	NonTarget	1	603782
2415.344	n/a	NonTarget	1	603836
2415.56	n/a	NonTarget	1	603890
2415.776	n/a	NonTarget	1	603944
2415.992	n/a	NonTarget	1	603998
2416.212	n/a	Target	2	604053
2416.428	n/a	NonTarget	1	604107
2416.644	n/a	NonTarget	1	604161
2416.86	n/a	NonTarget	1	604215
2417.076	n/a	NonTarget	1	604269
2417.292	n/a	Target	2	604323
2417.512	n/a	NonTarget	1	604378
2417.728	n/a	NonTarget	1	604432
2417.944	n/a	NonTarget	1	604486
2418.16	n/a	NonTarget	1	604540
2418.376	n/a	NonTarget	1	604594
2418.592	n/a	Target	2	604648
2418.808	n/a	NonTarget	1	604702
2419.028	n/a	NonTarget	1	604757
2419.244	n/a	NonTarget	1	604811
2419.46	n/a	NonTarget	1	604865
2419.676	n/a	NonTarget	1	604919
2419.892	n/a	Target	2	604973
2420.108	n/a	NonTarget	1	605027
2433.608	n/a	Target	2	608402
2433.82	n/a	NonTarget	1	608455
2434.036	n/a	NonTarget	1	608509
2434.252	n/a	NonTarget	1	608563
2434.472	n/a	NonTarget	1	608618
2434.688	n/a	NonTarget	1	608672
2434.904	n/a	NonTarget	1	608726
2435.12	n/a	NonTarget	1	608780
2435.336	n/a	NonTarget	1	608834
2435.552	n/a	Target	2	608888
2435.772	n/a	NonTarget	1	608943
2435.988	n/a	NonTarget	1	608997
2436.204	n/a	NonTarget	1	609051
2436.42	n/a	NonTarget	1	609105
2436.636	n/a	NonTarget	1	609159
2436.852	n/a	Target	2	609213
2437.068	n/a	NonTarget	1	609267
2437.284	n/a	NonTarget	1	609321
2437.504	n/a	NonTarget	1	609376
2437.72	n/a	Target	2	609430
2437.936	n/a	NonTarget	1	609484
2438.152	n/a	NonTarget	1	609538
2438.368	n/a	NonTarget	1	609592
2438.584	n/a	NonTarget	1	609646
2438.804	n/a	Target	2	609701
2439.02	n/a	NonTarget	1	609755
2439.236	n/a	NonTarget	1	609809
2439.452	n/a	NonTarget	1	609863
2439.668	n/a	NonTarget	1	609917
2439.884	n/a	NonTarget	1	609971
2440.104	n/a	Target	2	610026
2440.32	n/a	NonTarget	1	610080
2440.536	n/a	NonTarget	1	610134
2440.768	n/a	NonTarget	1	610192
2440.984	n/a	NonTarget	1	610246
2441.2	n/a	NonTarget	1	610300
2441.416	n/a	Target	2	610354
2441.636	n/a	NonTarget	1	610409
2441.852	n/a	NonTarget	1	610463
2442.068	n/a	NonTarget	1	610517
2442.284	n/a	NonTarget	1	610571
2442.5	n/a	NonTarget	1	610625
2442.716	n/a	NonTarget	1	610679
2442.936	n/a	NonTarget	1	610734
2443.152	n/a	NonTarget	1	610788
2443.368	n/a	Target	2	610842
2443.584	n/a	NonTarget	1	610896
2443.8	n/a	NonTarget	1	610950
2444.016	n/a	NonTarget	1	611004
2444.232	n/a	NonTarget	1	611058
2444.452	n/a	NonTarget	1	611113
2444.668	n/a	NonTarget	1	611167
2444.884	n/a	NonTarget	1	611221
2445.1	n/a	Target	2	611275
2445.316	n/a	NonTarget	1	611329
2445.532	n/a	NonTarget	1	611383
2445.748	n/a	Target	2	611437
2445.964	n/a	NonTarget	1	611491
2446.184	n/a	NonTarget	1	611546
2446.4	n/a	NonTarget	1	611600
2451.616	n/a	NonTarget	1	612904
2451.832	n/a	NonTarget	1	612958
2452.048	n/a	Target	2	613012
2452.264	n/a	NonTarget	1	613066
2452.48	n/a	NonTarget	1	613120
2452.696	n/a	NonTarget	1	613174
2452.912	n/a	NonTarget	1	613228
2453.132	n/a	Target	2	613283
2453.348	n/a	NonTarget	1	613337
2453.564	n/a	NonTarget	1	613391
2453.78	n/a	NonTarget	1	613445
2453.996	n/a	NonTarget	1	613499
2454.212	n/a	NonTarget	1	613553
2454.428	n/a	NonTarget	1	613607
2454.648	n/a	NonTarget	1	613662
2454.864	n/a	NonTarget	1	613716
2455.08	n/a	NonTarget	1	613770
2455.296	n/a	Target	2	613824
2455.512	n/a	NonTarget	1	613878
2455.728	n/a	NonTarget	1	613932
2455.944	n/a	NonTarget	1	613986
2456.164	n/a	NonTarget	1	614041
2456.38	n/a	Target	2	614095
2456.596	n/a	NonTarget	1	614149
2456.812	n/a	NonTarget	1	614203
2457.028	n/a	NonTarget	1	614257
2457.244	n/a	NonTarget	1	614311
2457.46	n/a	Target	2	614365
2457.676	n/a	NonTarget	1	614419
2457.896	n/a	NonTarget	1	614474
2458.112	n/a	NonTarget	1	614528
2458.328	n/a	NonTarget	1	614582
2458.544	n/a	NonTarget	1	614636
2458.76	n/a	NonTarget	1	614690
2458.98	n/a	Target	2	614745
2459.196	n/a	NonTarget	1	614799
2459.412	n/a	NonTarget	1	614853
2459.628	n/a	Target	2	614907
2459.844	n/a	NonTarget	1	614961
2460.06	n/a	NonTarget	1	615015
2460.276	n/a	NonTarget	1	615069
2460.492	n/a	NonTarget	1	615123
2460.712	n/a	Target	2	615178
2460.928	n/a	NonTarget	1	615232
2461.144	n/a	NonTarget	1	615286
2461.36	n/a	NonTarget	1	615340
2461.576	n/a	NonTarget	1	615394
2461.792	n/a	NonTarget	1	615448
2462.008	n/a	Target	2	615502
2462.228	n/a	NonTarget	1	615557
2462.444	n/a	NonTarget	1	615611
2462.66	n/a	NonTarget	1	615665
2462.876	n/a	NonTarget	1	615719
2463.092	n/a	NonTarget	1	615773
2463.308	n/a	NonTarget	1	615827
2463.524	n/a	Target	2	615881
2463.744	n/a	NonTarget	1	615936
2463.96	n/a	NonTarget	1	615990
2464.176	n/a	NonTarget	1	616044
2464.392	n/a	NonTarget	1	616098
2477.892	n/a	Target	2	619473
2478.104	n/a	NonTarget	1	619526
2478.32	n/a	NonTarget	1	619580
2478.536	n/a	NonTarget	1	619634
2478.756	n/a	NonTarget	1	619689
2478.972	n/a	NonTarget	1	619743
2479.188	n/a	NonTarget	1	619797
2479.404	n/a	NonTarget	1	619851
2479.62	n/a	NonTarget	1	619905
2479.836	n/a	Target	2	619959
2480.052	n/a	NonTarget	1	620013
2480.272	n/a	NonTarget	1	620068
2480.488	n/a	NonTarget	1	620122
2480.704	n/a	NonTarget	1	620176
2480.92	n/a	NonTarget	1	620230
2481.136	n/a	Target	2	620284
2481.352	n/a	NonTarget	1	620338
2481.568	n/a	NonTarget	1	620392
2481.788	n/a	NonTarget	1	620447
2482.004	n/a	Target	2	620501
2482.22	n/a	NonTarget	1	620555
2482.436	n/a	NonTarget	1	620609
2482.652	n/a	NonTarget	1	620663
2482.868	n/a	NonTarget	1	620717
2483.084	n/a	Target	2	620771
2483.304	n/a	NonTarget	1	620826
2483.52	n/a	NonTarget	1	620880
2483.736	n/a	NonTarget	1	620934
2483.952	n/a	NonTarget	1	620988
2484.168	n/a	NonTarget	1	621042
2484.384	n/a	Target	2	621096
2484.6	n/a	NonTarget	1	621150
2484.82	n/a	NonTarget	1	621205
2485.036	n/a	NonTarget	1	621259
2485.252	n/a	NonTarget	1	621313
2485.468	n/a	NonTarget	1	621367
2485.684	n/a	Target	2	621421
2485.9	n/a	NonTarget	1	621475
2486.116	n/a	NonTarget	1	621529
2486.336	n/a	NonTarget	1	621584
2486.552	n/a	NonTarget	1	621638
2486.768	n/a	NonTarget	1	621692
2486.984	n/a	NonTarget	1	621746
2487.2	n/a	NonTarget	1	621800
2487.416	n/a	NonTarget	1	621854
2487.632	n/a	Target	2	621908
2487.852	n/a	NonTarget	1	621963
2488.068	n/a	NonTarget	1	622017
2488.284	n/a	NonTarget	1	622071
2488.5	n/a	NonTarget	1	622125
2488.716	n/a	NonTarget	1	622179
2488.932	n/a	NonTarget	1	622233
2489.148	n/a	NonTarget	1	622287
2489.368	n/a	Target	2	622342
2489.584	n/a	NonTarget	1	622396
2489.8	n/a	NonTarget	1	622450
2490.016	n/a	Target	2	622504
2490.232	n/a	NonTarget	1	622558
2490.448	n/a	NonTarget	1	622612
2490.668	n/a	NonTarget	1	622667
2495.884	n/a	NonTarget	1	623971
2496.096	n/a	NonTarget	1	624024
2496.312	n/a	NonTarget	1	624078
2496.532	n/a	NonTarget	1	624133
2496.748	n/a	NonTarget	1	624187
2496.964	n/a	Target	2	624241
2497.18	n/a	NonTarget	1	624295
2497.396	n/a	NonTarget	1	624349
2497.612	n/a	NonTarget	1	624403
2497.828	n/a	NonTarget	1	624457
2498.048	n/a	NonTarget	1	624512
2498.264	n/a	Target	2	624566
2498.48	n/a	NonTarget	1	624620
2498.696	n/a	NonTarget	1	624674
2498.912	n/a	Target	2	624728
2499.128	n/a	NonTarget	1	624782
2499.344	n/a	NonTarget	1	624836
2499.564	n/a	NonTarget	1	624891
2499.78	n/a	Target	2	624945
2500.012	n/a	NonTarget	1	625003
2500.228	n/a	NonTarget	1	625057
2500.444	n/a	NonTarget	1	625111
2500.664	n/a	NonTarget	1	625166
2500.896	n/a	NonTarget	1	625224
2501.112	n/a	NonTarget	1	625278
2501.328	n/a	Target	2	625332
2501.544	n/a	NonTarget	1	625386
2501.76	n/a	NonTarget	1	625440
2501.98	n/a	NonTarget	1	625495
2502.196	n/a	NonTarget	1	625549
2502.412	n/a	NonTarget	1	625603
2502.628	n/a	NonTarget	1	625657
2502.844	n/a	Target	2	625711
2503.06	n/a	NonTarget	1	625765
2503.276	n/a	NonTarget	1	625819
2503.496	n/a	NonTarget	1	625874
2503.712	n/a	NonTarget	1	625928
2503.928	n/a	NonTarget	1	625982
2504.144	n/a	NonTarget	1	626036
2504.36	n/a	NonTarget	1	626090
2504.576	n/a	NonTarget	1	626144
2504.792	n/a	Target	2	626198
2505.012	n/a	NonTarget	1	626253
2505.228	n/a	NonTarget	1	626307
2505.444	n/a	NonTarget	1	626361
2505.66	n/a	NonTarget	1	626415
2505.876	n/a	Target	2	626469
2506.092	n/a	NonTarget	1	626523
2506.312	n/a	NonTarget	1	626578
2506.528	n/a	NonTarget	1	626632
2506.744	n/a	NonTarget	1	626686
2506.96	n/a	NonTarget	1	626740
2507.176	n/a	Target	2	626794
2507.392	n/a	NonTarget	1	626848
2507.608	n/a	NonTarget	1	626902
2507.824	n/a	NonTarget	1	626956
2508.044	n/a	NonTarget	1	627011
2508.26	n/a	NonTarget	1	627065
2508.492	n/a	Target	2	627123
2508.708	n/a	NonTarget	1	627177
2522.208	n/a	NonTarget	1	630552
2522.42	n/a	NonTarget	1	630605
2522.636	n/a	NonTarget	1	630659
2522.852	n/a	Target	2	630713
2523.068	n/a	NonTarget	1	630767
2523.288	n/a	NonTarget	1	630822
2523.504	n/a	NonTarget	1	630876
2523.72	n/a	NonTarget	1	630930
2523.936	n/a	Target	2	630984
2524.152	n/a	NonTarget	1	631038
2524.368	n/a	NonTarget	1	631092
2524.588	n/a	NonTarget	1	631147
2524.804	n/a	NonTarget	1	631201
2525.02	n/a	NonTarget	1	631255
2525.236	n/a	NonTarget	1	631309
2525.452	n/a	NonTarget	1	631363
2525.668	n/a	Target	2	631417
2525.884	n/a	NonTarget	1	631471
2526.104	n/a	NonTarget	1	631526
2526.32	n/a	NonTarget	1	631580
2526.536	n/a	Target	2	631634
2526.752	n/a	NonTarget	1	631688
2526.968	n/a	NonTarget	1	631742
2527.184	n/a	NonTarget	1	631796
2527.4	n/a	NonTarget	1	631850
2527.62	n/a	NonTarget	1	631905
2527.836	n/a	Target	2	631959
2528.052	n/a	NonTarget	1	632013
2528.268	n/a	NonTarget	1	632067
2528.484	n/a	NonTarget	1	632121
2528.7	n/a	NonTarget	1	632175
2528.916	n/a	NonTarget	1	632229
2529.136	n/a	NonTarget	1	632284
2529.352	n/a	Target	2	632338
2529.568	n/a	NonTarget	1	632392
2529.784	n/a	NonTarget	1	632446
2530.0	n/a	NonTarget	1	632500
2530.216	n/a	NonTarget	1	632554
2530.436	n/a	Target	2	632609
2530.652	n/a	NonTarget	1	632663
2530.868	n/a	NonTarget	1	632717
2531.084	n/a	NonTarget	1	632771
2531.3	n/a	NonTarget	1	632825
2531.516	n/a	Target	2	632879
2531.736	n/a	NonTarget	1	632934
2531.952	n/a	NonTarget	1	632988
2532.168	n/a	NonTarget	1	633042
2532.384	n/a	NonTarget	1	633096
2532.6	n/a	NonTarget	1	633150
2532.816	n/a	NonTarget	1	633204
2533.032	n/a	Target	2	633258
2533.248	n/a	NonTarget	1	633312
2533.468	n/a	NonTarget	1	633367
2533.684	n/a	NonTarget	1	633421
2533.9	n/a	NonTarget	1	633475
2534.116	n/a	NonTarget	1	633529
2534.332	n/a	NonTarget	1	633583
2534.548	n/a	NonTarget	1	633637
2534.764	n/a	NonTarget	1	633691
2534.984	n/a	Target	2	633746
2540.2	n/a	Target	2	635050
2540.412	n/a	NonTarget	1	635103
2540.632	n/a	NonTarget	1	635158
2540.848	n/a	NonTarget	1	635212
2541.064	n/a	NonTarget	1	635266
2541.28	n/a	NonTarget	1	635320
2541.496	n/a	NonTarget	1	635374
2541.712	n/a	NonTarget	1	635428
2541.932	n/a	NonTarget	1	635483
2542.144	n/a	Target	2	635536
2542.364	n/a	NonTarget	1	635591
2542.58	n/a	NonTarget	1	635645
2542.796	n/a	NonTarget	1	635699
2543.012	n/a	NonTarget	1	635753
2543.228	n/a	NonTarget	1	635807
2543.444	n/a	Target	2	635861
2543.664	n/a	NonTarget	1	635916
2543.88	n/a	NonTarget	1	635970
2544.096	n/a	NonTarget	1	636024
2544.312	n/a	Target	2	636078
2544.528	n/a	NonTarget	1	636132
2544.744	n/a	NonTarget	1	636186
2544.96	n/a	NonTarget	1	636240
2545.18	n/a	NonTarget	1	636295
2545.396	n/a	Target	2	636349
2545.612	n/a	NonTarget	1	636403
2545.828	n/a	NonTarget	1	636457
2546.044	n/a	NonTarget	1	636511
2546.26	n/a	NonTarget	1	636565
2546.476	n/a	NonTarget	1	636619
2546.696	n/a	Target	2	636674
2546.912	n/a	NonTarget	1	636728
2547.128	n/a	NonTarget	1	636782
2547.344	n/a	NonTarget	1	636836
2547.56	n/a	NonTarget	1	636890
2547.776	n/a	NonTarget	1	636944
2547.992	n/a	Target	2	636998
2548.212	n/a	NonTarget	1	637053
2548.428	n/a	NonTarget	1	637107
2548.644	n/a	NonTarget	1	637161
2548.86	n/a	NonTarget	1	637215
2549.076	n/a	NonTarget	1	637269
2549.292	n/a	NonTarget	1	637323
2549.508	n/a	NonTarget	1	637377
2549.728	n/a	NonTarget	1	637432
2549.944	n/a	Target	2	637486
2550.16	n/a	NonTarget	1	637540
2550.376	n/a	NonTarget	1	637594
2550.592	n/a	NonTarget	1	637648
2550.808	n/a	NonTarget	1	637702
2551.028	n/a	NonTarget	1	637757
2551.244	n/a	NonTarget	1	637811
2551.46	n/a	NonTarget	1	637865
2551.676	n/a	Target	2	637919
2551.892	n/a	NonTarget	1	637973
2552.108	n/a	NonTarget	1	638027
2552.324	n/a	Target	2	638081
2552.544	n/a	NonTarget	1	638136
2552.776	n/a	NonTarget	1	638194
2552.992	n/a	NonTarget	1	638248
2566.488	n/a	NonTarget	1	641622
2566.704	n/a	NonTarget	1	641676
2566.92	n/a	NonTarget	1	641730
2567.136	n/a	Target	2	641784
2567.352	n/a	NonTarget	1	641838
2567.572	n/a	NonTarget	1	641893
2567.788	n/a	NonTarget	1	641947
2568.004	n/a	NonTarget	1	642001
2568.22	n/a	Target	2	642055
2568.436	n/a	NonTarget	1	642109
2568.652	n/a	NonTarget	1	642163
2568.868	n/a	NonTarget	1	642217
2569.088	n/a	NonTarget	1	642272
2569.304	n/a	NonTarget	1	642326
2569.52	n/a	NonTarget	1	642380
2569.736	n/a	NonTarget	1	642434
2569.952	n/a	Target	2	642488
2570.168	n/a	NonTarget	1	642542
2570.388	n/a	NonTarget	1	642597
2570.604	n/a	NonTarget	1	642651
2570.82	n/a	Target	2	642705
2571.036	n/a	NonTarget	1	642759
2571.252	n/a	NonTarget	1	642813
2571.468	n/a	NonTarget	1	642867
2571.684	n/a	NonTarget	1	642921
2571.9	n/a	NonTarget	1	642975
2572.12	n/a	Target	2	643030
2572.336	n/a	NonTarget	1	643084
2572.552	n/a	NonTarget	1	643138
2572.768	n/a	NonTarget	1	643192
2572.984	n/a	NonTarget	1	643246
2573.2	n/a	NonTarget	1	643300
2573.42	n/a	NonTarget	1	643355
2573.636	n/a	Target	2	643409
2573.852	n/a	NonTarget	1	643463
2574.068	n/a	NonTarget	1	643517
2574.284	n/a	NonTarget	1	643571
2574.5	n/a	NonTarget	1	643625
2574.716	n/a	Target	2	643679
2574.936	n/a	NonTarget	1	643734
2575.152	n/a	NonTarget	1	643788
2575.368	n/a	NonTarget	1	643842
2575.584	n/a	NonTarget	1	643896
2575.8	n/a	Target	2	643950
2576.016	n/a	NonTarget	1	644004
2576.232	n/a	NonTarget	1	644058
2576.448	n/a	NonTarget	1	644112
2576.668	n/a	NonTarget	1	644167
2576.884	n/a	NonTarget	1	644221
2577.1	n/a	NonTarget	1	644275
2577.316	n/a	Target	2	644329
2577.532	n/a	NonTarget	1	644383
2577.752	n/a	NonTarget	1	644438
2577.968	n/a	NonTarget	1	644492
2578.184	n/a	NonTarget	1	644546
2578.416	n/a	NonTarget	1	644604
2578.632	n/a	NonTarget	1	644658
2578.848	n/a	NonTarget	1	644712
2579.064	n/a	NonTarget	1	644766
2579.284	n/a	Target	2	644821
2584.5	n/a	NonTarget	1	646125
2584.712	n/a	NonTarget	1	646178
2584.932	n/a	NonTarget	1	646233
2585.148	n/a	Target	2	646287
2585.364	n/a	NonTarget	1	646341
2585.58	n/a	NonTarget	1	646395
2585.796	n/a	NonTarget	1	646449
2586.012	n/a	NonTarget	1	646503
2586.228	n/a	Target	2	646557
2586.448	n/a	NonTarget	1	646612
2586.664	n/a	NonTarget	1	646666
2586.88	n/a	NonTarget	1	646720
2587.096	n/a	NonTarget	1	646774
2587.312	n/a	NonTarget	1	646828
2587.528	n/a	NonTarget	1	646882
2587.744	n/a	NonTarget	1	646936
2587.964	n/a	Target	2	646991
2588.18	n/a	NonTarget	1	647045
2588.396	n/a	NonTarget	1	647099
2588.612	n/a	NonTarget	1	647153
2588.828	n/a	Target	2	647207
2589.044	n/a	NonTarget	1	647261
2589.264	n/a	NonTarget	1	647316
2589.48	n/a	NonTarget	1	647370
2589.696	n/a	NonTarget	1	647424
2589.912	n/a	NonTarget	1	647478
2590.128	n/a	Target	2	647532
2590.344	n/a	NonTarget	1	647586
2590.56	n/a	NonTarget	1	647640
2590.78	n/a	NonTarget	1	647695
2590.996	n/a	NonTarget	1	647749
2591.212	n/a	NonTarget	1	647803
2591.428	n/a	NonTarget	1	647857
2591.644	n/a	Target	2	647911
2591.86	n/a	NonTarget	1	647965
2592.076	n/a	NonTarget	1	648019
2592.292	n/a	NonTarget	1	648073
2592.512	n/a	NonTarget	1	648128
2592.728	n/a	Target	2	648182
2592.944	n/a	NonTarget	1	648236
2593.16	n/a	NonTarget	1	648290
2593.376	n/a	NonTarget	1	648344
2593.592	n/a	NonTarget	1	648398
2593.812	n/a	Target	2	648453
2594.028	n/a	NonTarget	1	648507
2594.244	n/a	NonTarget	1	648561
2594.46	n/a	NonTarget	1	648615
2594.676	n/a	NonTarget	1	648669
2594.892	n/a	NonTarget	1	648723
2595.108	n/a	NonTarget	1	648777
2595.328	n/a	Target	2	648832
2595.544	n/a	NonTarget	1	648886
2595.76	n/a	NonTarget	1	648940
2595.976	n/a	NonTarget	1	648994
2596.192	n/a	NonTarget	1	649048
2596.408	n/a	NonTarget	1	649102
2596.624	n/a	NonTarget	1	649156
2596.844	n/a	NonTarget	1	649211
2597.06	n/a	NonTarget	1	649265
2597.276	n/a	Target	2	649319
